-1.7854692553295175,5.423718387659173
-1.7909212861063737,-1.1939148749564579
0.6403138307342948,3.0294406843028594
-1.0304082536553034,-1.998237364244527
0.10852845097967267,1.9964867251696625
-0.7289217187739017,2.371272102264555
-2.5000575918490457,-0.8449362611131412
0.1867137937490655,-3.2747570611702903
-2.2688137274990337,-1.2153377893354647
1.217988506720082,1.4337258694701351
-1.8689741223549543,-1.047631931832843
-0.279871413817834,1.2835427304109879
-0.23247083219161302,-2.2949649895799733
2.3160213386930057,1.4697427446132705
0.41260829565814516,-4.594873634274057
-0.18551452490456521,-3.159327589500716
0.9146410297661725,-1.6472830753552974
0.7742138760861358,2.7584667878429503
-0.5582062951487918,-4.556469221913106
-0.5893694502069524,-4.365744613838203
1.6677307219484274,1.4179155939081063
-1.2465032259831308,-2.4360455775625756
-2.1899903108503698,0.4323679134441756
-2.16904690516526,-1.5010490921580533
-2.451969473086232,-0.24420049288473145
2.523630456050876,2.543665490707111
-0.29265672697507816,-3.310511720457403
0.6718244153510784,3.106486903372531
2.0989883042114714,3.010752712263741
1.6525896709118273,1.0281126554410756
0.4773353597615251,3.34789651706882
0.29049874101367434,-2.52740019222086
0.4037908607461723,2.132094436611472
0.7204989764324812,2.78149647287704
-2.7551239642699956,-2.297996805090764
-2.662312500237931,-1.4073380465656482
-2.6025315859504126,-1.3651244954693904
0.39909705949935514,1.2011786034665424
0.643724466023389,2.278107615982254
-2.546133982475594,-1.53908552562059
-0.8242149732476005,4.570065082916646
-3.208935697378998,-2.8173374843713743
0.6803149370371204,3.618868948891367
1.4065637802200253,-2.394675021372466
2.4147251606954283,2.6999577490533095
1.7522723844285109,-5.0200584849088905
4.051684049308214,-0.5323575046889668
0.09770956477455539,3.2493556126818945
-1.6248605233270745,-2.023152448904026
0.9118122330163984,3.3998339175052843
0.9906871921129088,-3.6618536178965897
1.322157667474381,-5.009144246211834
0.8423714930568533,-3.399718700283131
1.4255501455890054,1.545919304357077
0.13335557010239796,2.8922434945802786
0.19713736486593936,-2.4280158650151478
-1.6212133771266979,4.303385318939114
1.7284601167369558,-5.671067622932191
1.4362338896090892,2.1315057903402215
-2.024401061398268,-1.7608652262313145
-1.4546788905358126,-2.2063667509345604
0.976707696354455,-0.17103946482359556
0.2867602333053111,3.2684693209941424
-1.1497048911062642,-2.965406710717849
-0.196249561391159,3.9325253709704846
0.8440069615374368,-1.4651753642608747
3.823655984802134,1.1115141145962029
-0.6631888226552809,-4.377575099533127
3.027804664245067,1.2442862741797225
-0.8168511064907573,-3.1051173977826507
-0.8895285042492936,-1.9977104086062867
2.0744108204283123,2.276882753726992
1.3764466373719355,3.0882383629141064
0.2955798349212617,-2.924272704293707
-1.6505595856682214,-2.256458951272196
0.9722723182760193,4.509399615397573
0.8870078357149318,4.577044116915317
3.5131660114547065,0.6459548823381742
-2.2404871396764054,-1.6918135929182339
-0.2569368982898753,-3.045006464589836
1.7463190795085795,0.824912441091046
-1.3583665184770866,-3.679767110402616
-0.5325311826351382,2.3031738162367614
-1.3019466282350853,-1.8410160066906625
-1.062836993517474,-3.1858308859825786
-2.636989076345493,-1.0445186743248738
-1.8113529689014698,-2.2187177055603637
-1.8737533144839746,6.249679544033301
2.2320843821728236,2.447896674669163
-1.1190175115568073,-1.9628785630541277
1.051103528426586,3.192228260992157
-1.8737126732740945,-1.727830361578755
2.118511686611059,-0.7797306130633599
-2.5329656842036794,-0.0027926440196925917
2.966034813022622,1.6154583859252774
-1.6747778413464114,-1.4050836437969974
-0.04170705995625901,-3.325215012079289
-1.1004445577085118,-2.277547050783065
0.8872278732936622,1.6330171701340495
-0.16643183763536396,3.8928836525582233
-0.728269893420469,-2.379124299501633
-0.1665794063549224,4.433099577695796
-0.38843558562683644,2.9275133480535125
-1.2188993201912184,4.863280482762984
-0.39855894247208656,-3.262021692668552
-1.4451313755229542,-2.0976869445048147
1.4052275920672974,4.6337486805462875
0.4011161762909823,-3.337533841986459
-0.06383832339357531,-2.8185345497985037
-0.7800242267139246,-1.9038688410710667
1.3001629321800166,2.864503352756207
-0.2947638232977372,4.03030980947486
0.9629616221089269,0.12422400906789655
3.089471784139257,1.3560253057050766
-0.014591599920168452,2.8600882105392995
1.0910213983857935,3.447189955980495
-0.4776468082206785,-0.8190546558896812
2.070235030133685,1.434811429697271
1.4320043897633008,2.0558215587072315
-1.1874769643246887,0.05731688411788616
-1.3933396516521435,-2.7959111388371203
0.1120127118029346,-4.190248353946084
-1.0890055458919332,-2.1976395378513662
2.015413629086523,0.6422630173123809
-0.7012046143871873,-3.3920037118004926
0.5465325859533374,3.5606417194067252
-2.202758523605039,0.37665502711035526
-0.2616227916842885,-2.391273092345861
0.19748733745214708,3.329132077415914
-0.7329257782159768,-3.6961412497562955
1.164355959731405,2.619722505601449
-0.07228628163221062,-2.5800544162975085
1.013715302345216,2.49740636905021
2.678775817947015,1.0272789264248647
2.174294264330662,1.406672689173384
1.035444832592025,1.5231138943817668
0.8495116017931776,-5.859403188839002
-1.6168126192200436,-3.8281721087061467
3.241013771285434,2.088296723030328
-0.9871749896418529,-2.247510040401945
2.508986621442509,2.2113088362706286
-0.6777952073870408,4.773227572972452
-2.606878855107538,-1.0282983182850198
0.028761176405702082,-0.8055112869092134
0.6660542581837047,3.5166800199850012
-2.394708111689459,-2.6757744935636434
-0.307783751121673,2.5581153145250464
0.29663099417014205,1.2314287545737537
1.661202007349821,3.0501270410747177
-1.929205080636067,-1.2405364264967647
0.6296320727084881,2.6814924135741482
2.7599182943070555,1.5398607646847713
1.1901414894845677,2.8702996524622777
-2.034693122417603,-0.9211211212128101
-2.6751109305056415,-4.537304442923698
1.7421988732237015,1.156687719321762
1.985576731465271,1.3227593727352651
-0.39462027603217376,-2.0855419135106557
0.30808495936344316,4.333827456530786
0.2064608416218643,2.6131590612803395
-0.4234435060226658,-0.8821577018323996
-1.8301034154655014,-3.158366299528433
0.8676710691005798,1.3461035534579093
0.134194397364509,-4.396760233579822
-1.9414537240033412,0.07503904274179574
2.191055501949327,1.2521426799695714
-2.813336488333278,-2.6067727653746053
-0.6490930560114256,-2.22603107535901
-0.8877462687575504,2.7910601349465254
-2.5612101859308405,-1.3083036813556064
-0.8159307844169535,-3.16843269658426
-3.3769799201987567,0.5287594455075029
0.7865721275038278,-3.60515311061649
-0.7237607368575549,-2.340614262696177
1.3586100260555738,-4.261487635083768
2.7414332074434413,-5.263836408890149
-0.8093741847664944,-2.8405250708721317
-0.23091139685825646,-3.362728670482875
-0.42545696164850133,-2.1029633580117433
0.16555400052137226,4.707813353680036
0.5938885376367529,2.6995558617533972
0.6828756755231477,2.9098367311964943
-3.3790780951791346,-0.4297111220597327
-1.2627050917963454,-3.250100206890969
-1.9457112522399724,-2.3593154274578465
-0.4774089279395398,-3.7561653144159894
1.2537089053302868,-3.2905036755463626
1.2817543258411352,4.676763935234751
-2.0930644646984486,-1.6879352257120084
-2.7202640237518403,-1.4996830414573232
-1.063854414488492,-2.554252875862303
-1.4471841486621584,-1.3766536198646082
-0.4464425454659421,-2.4387827221566107
2.1355253003349315,0.5613285724351271
-3.2804763065580933,-0.7851582361930871
4.115317912874814,0.2596176086884161
1.146147876113385,-0.47646848330052594
1.9744171458829047,-4.394203356958295
-1.0349317817354722,4.630386183438716
-0.51247426636152,-3.5659268120413454
2.7524724162589633,2.1625135769661625
2.1907302019642425,1.56729034994248
3.6025080284470388,1.4259737804809403
-4.255166723006056,-0.49713236669470406
-2.4460906380763467,3.8531300391756274
-2.0918233251236478,-3.3076698113450065
1.4530781976988045,-3.0554503722840836
-1.2487675652980395,4.533978072749635
-0.21555905874483217,-3.393066071543181
-2.3620255101899765,-3.8302746742876335
-1.367255676086874,-2.6116879312316215
-0.19535473572500062,-3.3671145274699334
3.651351034805622,-0.4613821515669052
4.157114566777448,-0.6456274522340206
0.6490556873622929,1.8607740963468133
-0.19228847517330183,2.2661887518224804
-4.379511978440833,-2.8004835802581365
1.0624600740217272,-3.890679043079455
-2.324138026569322,-3.4022375853434985
-0.6894716522139324,-3.8886986670786334
-0.20988790278490344,0.7799334010969365
0.269359209593806,3.5677441968624706
2.507368448812439,2.281618453752679
0.9090399853685089,-1.4271275547447917
2.3442007951758397,2.465425729792346
-0.03621752534949185,3.0665590496276716
-1.5960100606342142,6.005873938636889
0.08318123350967144,1.0616162543509156
-1.8947175560684322,7.547366462189287
-0.6646763997236634,-1.182583128954233
0.6744569633937734,-4.0466024489939905
1.4221069096942318,-2.6962798084752673
0.4346862957855786,-2.545989604323724
0.00546273051583368,2.555345906573443
-1.6439448379102313,-2.3717510167526377
0.55987265005051,-3.425208474515757
-0.9163104671623941,3.8244196263296564
0.8595688977248974,2.4010029846367895
-4.134935525707899,1.2972164415807765
-0.5787334075125742,-4.223918856375374
-2.9285180554279573,-2.0494172828803636
1.8984503423700878,0.6388895014906486
-0.5709345604987541,-4.783459442850286
-0.01862072540244708,-1.5509235249029572
-0.9580345673234496,5.039019352055284
-0.3504378663879886,1.9877972316164283
2.0245689174536046,1.4057148317274668
1.2474011343315505,3.284009171605873
-2.182431900618299,-0.9840276441223132
1.3020452548980765,-6.260492439828246
0.10900187475680401,-4.300483363722675
0.8844833165624824,3.7336511152377425
2.061465645612746,1.120499090110186
-1.2846826957132484,-2.8969684852765836
-0.5755305520004621,-3.9391352816980243
-2.260692050423942,-1.006211596665782
-1.440112702284471,-1.8242990057366333
-0.35157755719507167,3.6545888624783984
-2.791240154406281,-2.4791127430101416
-1.260617547622847,-4.347075297050781
-0.15598160950862694,-2.7681404088895993
0.21589618854719572,-3.0973792058307654
0.8851451007592683,6.223011523888507
-1.60652617183244,3.1891374149098413
1.8940154060543015,3.1597179050632755
0.4936292650282459,-3.722559384336131
3.343451477804621,0.8757587492394852
0.1940254605360432,2.1885412231280807
0.9102252945655782,-3.3280944732249838
0.23678424187148728,2.6567010155207367
-2.47668573670776,-0.8541770808053155
0.9373110395518842,2.7907626422727057
-1.6299466938878648,-1.570137118386543
0.7279337161343535,-1.9098970244831346
-0.1554494073060465,-3.8170062365046546
-1.8485345091794696,-2.7582665198007503
-2.440543690564241,-3.1671176583769984
1.26075217877568,0.8477339734528944
-0.6811103389056976,-2.550107388056496
1.9319286533270477,1.5054591244329099
-0.1099864277522502,3.614450745152257
0.2944495726246772,1.2335261170350431
-1.6109701715306328,-4.3535314661357525
0.018299033861563174,2.4423253896389783
0.1692974047337441,0.17707220430966863
-2.0576572734964014,-2.1382647029510413
1.2499928180941375,-2.108317126398405
-0.6676744759839585,-3.433691560784526
0.11720516009012849,2.396214490025728
0.7597912385043153,0.6864360290696625
-2.802212689708563,-1.1098749933354788
-2.3044119485182986,-1.959744442462088
-0.6298271281247878,3.5249520533355283
2.1358566129090377,1.132836742479752
-0.6332854820857229,-0.19646056212193708
-1.9121170955048297,-4.471467079678744
-2.8565785003951194,0.14112017065317062
1.7085813865977761,3.3906530727809954
-1.3897618284472775,-3.7828749731935405
-2.1466909376206624,-1.2595611048732631
-0.23007409572411652,1.365682262659423
1.4061300176004161,3.0568287061438832
0.8343646999537124,0.15858342644576018
1.8477116354780176,-3.2199081719144296
0.7434713338500623,1.132978974058558
1.4090971204494287,-3.269635301008573
2.6005382456130004,1.6767140653214838
-1.9009216060320353,-2.0332305051227366
-2.444606832937862,-2.4129312794470628
1.0328993847043424,3.293448939231221
2.5477329295666036,-0.037000367362811204
-0.7678682940319126,-0.0378492813554101
-0.18600586130910424,-2.0321577801136996
-1.4193881643650619,-2.0697637362629155
-3.0675799523995813,-2.8400907926608943
0.960609265671556,2.4874527356912344
-1.8042255689721838,-1.7141392756734088
-0.3648790039639497,-1.0640711557430522
2.837530223622963,0.2669782557958751
-0.11603767979297408,0.287063254459059
-0.4621793531374231,-3.1960934936644065
-0.9236593001272249,3.7769468759962583
0.2853579189332571,-3.456061182048817
1.89499714843358,1.0299788183489547
0.10427133799920851,4.013996680891854
-1.998108336659451,-1.9917453459618155
1.6833890615515967,0.8299297422402454
-0.01791144326167471,1.8104145556903843
1.450410309861021,0.36500148085803064
1.548249028446298,2.1195998653787833
-0.2793108221688567,3.339885746177014
2.8649296149419894,0.21002252881469818
0.3348089899165728,1.967376808602065
-1.7767217120249073,4.679771853357019
-0.7983816602345193,2.180500675473058
-0.7033664308877727,-1.0257668769167845
0.2858384628653631,0.9005751736380332
-2.797792008998529,-4.071341723781546
2.1121579386075577,2.2172850389059904
1.9843287703018415,0.822392543131425
2.3201541924921667,0.40090692102154835
0.4211785808133337,2.221559317941986
1.6682865795501303,1.4015950747360886
0.4163369619909796,3.2380135756085378
-2.156101333637535,-1.3262155763472108
3.399756254494811,0.5975139816270765
1.5884269327931961,1.8685563335078634
-2.2888522521968397,-1.36306314296435
-0.14732396293398753,2.551950909138957
1.5198226593770876,2.5357024199816935
2.729712830184819,-0.2816662127513978
-0.9083175951526425,-1.7858832027350178
-0.48898514115274505,-3.0817520316976523
1.197907105161654,4.216795589488153
0.013902906906156143,1.6632412757526511
-0.6252500580701374,2.0506072859977555
-1.589441199781596,-0.34917835841341827
0.44290898968540127,-3.97359365605773
2.1117771884420717,2.8277433717658416
1.105055927140748,1.2736659222301139
2.3160789219884497,0.6060326987298448
1.1380304610253145,-3.278304579391445
-0.048179415128057235,2.493333379238738
-2.883708125757905,-1.506733765184836
0.799953460697343,0.5017500558912844
2.361048938451985,3.200416904421867
-0.314479371437809,-3.7248170493417425
-0.6967745701110235,2.1168081499161344
2.764703521882445,2.135949487938496
1.9627765955750816,1.3952322369317667
-0.4777634329984204,-4.111583220944346
-2.1314916164188187,-3.1128925229540525
-0.8780892951719469,-1.495734637463042
0.9765053437905991,3.189562255219093
0.253017436536658,1.9446348001932798
1.2664142788074435,1.1418787009692155
-1.3013729945442725,-4.473793063452289
-1.3382505353392846,-1.6111133259959816
1.8999527989674148,1.9078320245540197
-1.5934482147086615,3.486215926615576
-0.174361758268766,1.0442016729508583
3.715582089857427,1.1178153779336044
0.22363858801760617,-3.585827688849733
-3.0295527306254457,-4.029759509033216
3.3889539273016682,-0.7071140502575095
-1.0247192057008,-1.0543707799974775
-0.37483493375443344,3.3270663582711917
0.220962162447377,-1.6392323538603184
3.6922839131895895,4.318000494132913
-1.229696182830837,-2.1748127567654008
-0.039324085565551226,-3.2663742653160734
2.0101573416374903,-4.11638319266794
3.1909529064051587,-0.9493050086420354
-1.7745735643910514,-1.6659868766033918
-5.20747355255359,0.16729229343229557
1.9963070830599792,3.4115720437815646
0.5116622242633126,-1.693960559379318
3.881687266999958,2.2807002440908364
-0.09175473737208806,-2.2587902600928866
-1.6607958344704117,2.83661388639443
-1.0072088224464206,-1.8307545548221817
-0.8411555198483223,2.050253182935127
-2.242056149404889,-3.3103576276963453
0.15996346452426935,-2.63497118678592
3.480013571188804,-0.5109780289664947
-0.05165336824005795,3.123003577939551
-2.3015779469516056,-1.8488346016514576
2.7550071573643056,0.06684852111841089
1.3486615059461071,-5.5870033746890915
-0.7699256298703845,-5.324477506312128
-2.1178520886798684,4.0854847951421425
0.6032362177677715,-2.4169344627505986
1.0044402978066613,-4.6003257514273015
2.2849134441852863,3.9796527501640107
0.6166895078868464,-3.9029507969566435
-0.26862726846474905,-3.787320743486083
-2.0668650639122754,-2.9038909191282647
-1.1199381361139547,4.538531070476877
1.5835064856298307,1.2832585058835206
-1.7402114437756002,-0.6274317638140892
0.08573403501449339,4.083710101944215
0.519927818353946,-2.124125788602819
0.8088678154359155,1.7650927035742794
2.975726631339927,-0.6698419059124974
-0.8415318511474221,-4.23730952772201
0.026062140562174374,1.55212110848292
0.025834969312398814,3.4775093415674316
-2.775370763591301,-2.094171754210455
3.286612302521922,0.049092194691219504
1.208929328110109,2.155260233174021
2.2943428034394984,2.883883266874139
-1.0037794627411225,0.8656947444486562
-2.8512282160651576,-0.4553225363571536
-2.878558349753647,-0.0747406737215961
0.5631421937386367,1.4641469918677321
0.25230356898095185,2.5779953819066095
-2.0547013561390597,4.014375883210375
-0.9622735567304835,-0.9003494507720051
-4.119742677539495,0.37403877185084067
-0.4795525902587694,-3.6804291659652755
-3.8147030310921957,1.4669385020191479
0.5244257889985184,2.3507021253080644
-3.596688266132987,-0.2460873925294247
-3.076982715886829,-1.200095247417988
-1.4055128160303951,2.2295171377863476
-3.156045634626333,-1.0862492264251287
0.5348500820955375,-4.77129029980681
-1.52910996507176,-3.338639457531033
1.8032974560951238,0.37264050411475536
-1.729949812127216,4.526321253930169
-0.14977885000550084,3.3220990143009934
1.9081952229891899,-4.230263115280526
-0.6474079102422381,1.9669058770057073
0.39154963682476374,1.3089936529915371
-1.3451912042194876,-2.6489160573354362
-0.901766221168147,2.107620229136881
-0.9461732328039092,1.9577005808815695
-1.0488737688135163,-3.338005583570033
-0.8931783997699093,-1.8804750034817563
-0.1044961562448461,3.531759260912631
-1.5788562499850642,5.417724415231331
-4.5615637775066675,-0.6539661518404072
-0.9497377211755083,3.6223133745330323
-0.8229519057367161,-1.5872740563333059
-1.1232163600610774,-0.26229410060125025
-1.5708154480420542,5.084124608421709
0.17976665039603046,-4.499217930414253
1.1226283421327108,0.9286803973965116
-0.9352977830142916,-3.701782823135635
-3.680006613359536,6.260984037879924
-0.10588008673607285,-4.181504242119673
-0.2385973988158374,2.294717080185789
3.8698453168235485,-0.5221793287984
-0.969354650383557,-1.1965344535863636
-2.0193511724723567,-2.910140425135029
0.22831604862573007,-2.500832281829707
0.20306744221187678,-3.7195794835431
2.3141126304623403,2.3184569045561974
3.8409798602338427,-0.9403077537940483
-1.9849200312269333,-1.2403694337507543
-0.873539268575866,-0.8508866330179987
-2.0288278753060647,-1.6065198487388073
0.5587841287362625,2.7641388172384054
-1.173267106586279,3.8478740290746836
-0.04119836591178916,4.407797569227489
1.3262486589496159,1.8979005481123443
-0.1324916166413983,4.88595131619684
-0.6899265576472167,5.6823805791012285
-0.7779610821539324,-3.178386306693512
0.6873333960947496,-3.433503291115565
2.122319691434037,2.7759016938773984
3.718180700255725,1.2154600916888323
-0.08916411980285655,4.4052683464156965
-0.9656738758870022,-3.835242501998084
-1.5775693933282704,1.984523671540118
-1.2913800782766285,3.177994983092559
-0.16941584467563775,2.407351292154054
0.6512499107911496,2.590386449308888
-2.097206089781708,-2.78604149553397
0.13218761033810544,-2.136953640254991
-2.1265368596907326,-2.2590701283352983
-0.254292242967314,3.505266617015302
0.13916881282865745,-2.9589477500630434
-0.5114635873408477,-3.330436998187075
1.1299083391502585,-4.665119389370783
0.6287580772107049,2.126880566072806
-1.3871622069118135,-4.989624096256284
0.1444992656202475,-1.457574493948883
0.06345492227192373,4.352843637799982
1.7198959562042742,2.843059517099318
-0.8870825731138716,2.6959702249009068
-1.8163970518836154,-3.32335222296092
-0.1698341947828672,1.414592445956249
3.6725132892813046,1.3355561752152105
-2.002381697088639,-3.5375874561387404
1.191500772025889,-3.968518123418112
4.344218832455908,2.5551204572506157
-0.2889289147044434,3.6967406786804307
2.292819910454539,2.796128951175275
-1.3782143055073792,3.890563349600746
0.21269459980949446,3.206124207142698
-0.19803673825928958,-2.0395029639763758
-0.4955628117415152,3.8975469978364687
2.724656098440784,1.4957781369951033
-1.7601910279712354,-2.567591668728946
-1.660144129110466,-1.7869858103777418
-1.5498543044954063,-2.819408746551652
-2.115071385732255,4.821658392994868
-0.2912428114902603,1.6900966786591272
0.36309684831771594,2.93703382142129
0.8288299233315161,3.658261990573257
-1.8305351706695747,-1.7208463211581277
-2.2359251739910224,-0.7607401861666205
-1.6828716125262253,-0.5236190092548776
-0.10936451961439564,-1.076970483389799
2.1033891883032214,2.3172879401508357
2.7098484147925195,2.379826720195945
0.9642264575180617,2.366824235813244
2.9124574437288837,1.6688536351784724
-1.6279527308010162,-3.1071309941678233
-0.5558373823647997,-3.025167853225857
-2.964945460592983,0.38724746721739134
2.2760460208058997,1.5982260092335714
-2.6034423986228457,-0.7075324370135501
-1.7736218741852663,6.004600949741479
-0.04405929867682423,1.4506746852492465
-0.6960407876257926,1.0000164322899154
2.0544183755126832,1.8688484440537576
1.6591214139714223,2.4368704613952445
0.335211124454438,-3.7483334377581334
-0.13800760714854032,-2.40699348747869
-0.8875129216723763,5.485968863739498
1.7746968865681492,2.308182532420445
2.9849661665453207,1.5669392192810738
2.0184863720816937,2.180182376105905
-1.9067385495312767,-3.8532376868670015
-1.105132277694901,3.4354381333302086
0.037472342082619514,3.671451575366441
0.25212264638244697,4.640100735831224
-1.8104270636899118,-0.748440316276682
-0.10894134096464003,-2.963659275203496
1.7726284164924482,0.592674692265118
1.5132086066108084,-4.784346199327096
0.6841504469034667,4.865162838334066
1.1118954467026172,2.846200021886495
1.0181742623972287,1.0784422053418732
2.3919578796130048,-5.3603616186320515
1.4632794443005477,0.6958326512334891
0.3951941792395752,4.16648621067836
-1.0597842170135408,-3.113964178275142
-1.7323961135463724,-0.6977261823328034
-1.6423129590903196,5.191616539403432
-2.1929964042901613,-1.0665538235769283
-3.5044559417593484,-0.4296563760837242
-1.8612065569793943,-0.04312998409374691
0.11509223378652378,4.081447519574191
2.0461206982601894,3.105791294215622
-2.4844614157365603,-1.536882547091127
-2.4202703091665447,-3.8948495449687215
0.2933061174467957,-5.315060535332531
-1.3163776470387307,-2.5555586878218945
-1.072396636888704,1.2076644223721387
-4.471072286791641,-0.3751823593376362
3.526067942647766,0.8692723077018034
1.55217940223261,3.8221020323742003
-0.2306359058830041,-3.8241360899532904
0.41422511176948973,-4.09011735661153
-2.7579068379957308,-1.9474096101683454
-0.8839589700572719,-2.4493714804767164
-0.9156719435258022,-1.1331563709428287
-0.8248417824282592,0.32988328808163336
-0.7065481905985471,-3.2892491731800613
-1.8855022575109985,-2.862036483278366
-2.218344807974467,-1.9180705065053298
2.4503882369718295,0.04907874078945085
2.674143683611987,-0.7637608368232955
-0.31991694686324434,-4.889857655541322
0.5469099541547697,4.019993916447617
-2.983943317126296,0.2542113511243458
0.26722477873689443,3.756324816492828
-0.05908227430971458,2.7993713254523245
-0.1191100502799547,3.527178552021136
0.2622968005950759,-3.4402813837502495
0.7016657326594966,-2.7720219686083856
2.8938811731511964,1.1829711800815377
-0.13962719360788434,-2.5453966572689235
1.2959548501936131,1.5570841223994631
-0.9200909469033858,4.245922238660082
1.1343359744651567,1.960064888636801
0.22950395275748592,2.3193708788926486
-0.007440829384101955,3.74866210083562
0.4911452063633721,3.728076871148299
-2.9161438438016485,-1.3378263494295581
-0.03589636966944876,4.0745013188135175
1.177259636458085,0.8975489450924845
2.508618391947308,0.5227552458909168
-0.6241805762971142,3.8942402468839603
-2.6829021454806066,-1.6584407525477969
-2.006007304880057,-3.014680653173213
-1.5607709334114954,-3.620302144023265
-0.7861437372895241,2.7461635298425136
-0.45460967155696674,-1.3582484780826505
2.1919213411846066,2.4108945135591764
1.359914979909452,1.729985718461557
0.3235296622505759,2.704386018872536
3.1835447045563328,-4.035687316426826
-2.2397213208404123,1.833657961107412
0.47955069588334287,2.175579465344562
-0.9737911688759329,3.120610455255326
0.5141431020790295,-5.104955769861098
-3.6607299645262685,-0.6225410858925593
-1.3819732279842074,-2.128778005448437
1.5991662965911662,2.9657247988273894
-0.19813896133878695,-1.4121627402143127
-1.3897241230874202,-2.7517970502087943
0.5596879142089262,-0.7534287908513484
0.5493712479545398,-1.1897359680822468
1.475170165574575,0.47579374107250993
-3.6533609072263666,-1.6089985899799473
-0.6536244531155198,2.006422778827854
-1.1591259485469096,-2.5217137155487697
-2.312390245665813,3.453773234016908
3.5361837475385576,2.6859432251083755
2.62272793989574,0.9436913059138143
-0.8874536610316195,-3.632060892889971
1.7969773550288561,-2.688919741053784
-3.3051066177449404,-2.0816418421489074
-0.8516806619763613,-1.8996639244688196
-0.8199974865577702,-2.681907362809016
-0.07325689234567179,4.333213356878986
1.0739601111464387,3.4255000132672917
-0.6903435739232,6.082772173356116
1.7282053654353569,1.7862240544842245
1.1447409902268235,1.744033089724247
3.0783881275045037,0.547718160520023
-0.9786817990110918,-1.4339329017971687
-1.706316404091111,0.07428674507008814
-0.0064416577726893465,3.0148241285871933
5.15051237245321,-0.6627857345003312
-0.6529597744105862,-5.210653999078085
-1.7736322036451877,-3.549441164790858
0.005423816301932227,-3.953964151392272
-2.076613824311813,-2.8258931619304297
-0.002603723732750529,-3.743410879299069
1.6373522356032275,1.0904362278343758
-3.1028885850166072,-2.804761124599428
3.5583196590685033,1.8943328221220268
-1.3688009259524,-3.119984573939458
-2.77576291198963,-3.4554341813379326
0.45116325858395956,-2.452658090737364
-1.3329318902696548,4.389655104798132
2.073919962561348,1.7290087549935633
-0.42627756457744526,-2.7661266228461727
1.3970419486843693,4.159121999961218
-0.8378765233816075,2.427382535786053
-2.3729146811226967,-0.6414664117997435
-1.144707777746428,4.530851342739254
3.4322836861586103,0.8797238818847408
0.4233821249497165,1.7234147149364651
1.100139451011038,4.065767955065197
-1.8820089824901909,0.6629238496695953
1.6464534204445465,1.086524289473586
1.2389743377807336,2.8711353031888636
-1.4649693648951412,-3.666719964940991
-3.3748411191525154,-2.930572623312232
1.1919759346717913,3.2009950815216315
-0.42076524756271205,-1.4556378296615784
0.06588581382656877,-1.6313198605103236
0.7794550349555458,-4.666230004187941
2.343831351976448,-4.370172785058575
3.2262214625329646,1.3252500700265575
-2.83526243507265,-2.0838422201863565
-0.3315443657498811,-3.8797324209654
-0.6239789731953409,-3.438811499067948
0.24490778986489892,3.3802451492595305
-1.9388948483185713,-0.36368647724110836
-2.218758840792375,-3.5421422202665545
0.40615744445688773,2.921044173270625
-0.8182655142644641,3.0872901349372217
-0.8635165926980743,-3.9219162057142
2.079874103069507,1.5434818553809353
0.24501274059667333,-3.4919572310846636
-0.019610887510649988,-3.4626329288914026
0.15901590050692727,1.6381377532930637
3.033951432717255,-1.00389567543658
0.8972119515099238,2.6739617306659738
1.5841204525230679,2.8786905327860173
-4.0574406522049715,-3.3346678922212916
1.4076060926314589,2.6082617516297035
1.4352090023975972,-4.4498803849063595
1.7117314607014729,1.4649592168602852
-1.9780291804266323,-2.8667464841136625
0.36417911472678266,3.473579891635226
1.902316051216892,2.3513459419630074
0.09372203325246287,-3.933609829565712
0.5868308753663551,2.0661415484086594
1.4735506089257573,-3.155520756898838
-0.32152151790096384,1.5998815459592266
-1.6456305380435274,-0.20400768314534634
-2.1674489692218044,-4.665034087934854
1.1531040534902144,-4.959037208145463
-0.9689984894867918,-3.2519373726079084
-0.5284513673737687,4.5675235213574465
-0.7737384325728633,-4.093297183730891
3.322506588472075,1.8348100493085637
-0.5439603909282249,-2.970032243097239
0.18297653143116954,0.8409037832429949
-1.1066203646467458,-1.8280697893832731
-1.127642115794579,1.9972920502665117
1.5009422743309928,-5.134438662809233
3.0585316342428968,-4.077138082359443
-0.6707100974400422,2.657198447973193
-0.27934406345729335,-2.3636806539550816
-1.0068910987568822,3.1909077111624136
-0.35566861592581756,4.361071644950354
0.10397022926110477,3.995651375559542
-1.214447400975148,-1.6238155399583762
-2.2586362091685945,-1.941573970865178
-0.7857423780663524,3.471333868599154
1.5691041912203647,-4.2977891434630004
0.5580227205325926,2.8564620932025715
-0.16766437470118722,-2.611169314777927
1.654863123974012,2.5105339525082404
0.017969187610757054,0.23384513751011715
1.7755033584644222,1.8650254522748255
-2.996692802023855,-0.06860084163770752
-3.4669885277861665,-0.2871272458891627
-0.16396560684334993,-1.4073361045235762
1.671058537199043,1.3294313039175443
-0.25399169521663545,2.081692728972281
-0.47182942830727725,3.754814848966316
1.6516479453719946,3.8220967535762242
1.413231727237342,-4.159451612451227
4.240645056395529,0.3130550931148477
-0.6624249335820305,-2.5997691722973237
2.2616851288779305,0.7116491733526182
-1.5481804928719183,-4.773085506845732
-2.6381292674245413,-3.45395898859801
-1.2874944975343758,-4.079236825281968
1.3083403805115892,1.710619927337459
-1.555470060264519,-2.756024272688148
2.1411204756860247,2.936363477612954
0.48178171675281,-3.4471392619884598
1.4233859672071039,2.2463615955622114
2.562226459703761,3.0208325855240914
0.8836158675065227,-5.899898789102295
0.13879361757398967,-1.3694268729505128
-0.21910104109257467,-3.0459342219745165
-0.476237931843671,-1.6174405173947073
2.8644856373855703,3.2019170678072078
0.7382339014844336,2.3772877595534823
1.4618837857395355,4.570135985940739
-1.038783798353601,-4.393616014832909
2.451877045097186,0.5406069513601452
-1.9979681985520124,-1.2358882475053825
0.43258149543272884,4.538281556404476
0.5670975562886054,6.2615723474865295
-1.0723948717649232,-0.43502995488442275
-3.186487924361097,-0.17590489756274508
-1.1435124191583084,-3.3381997749782446
0.6015439900589044,2.213259138286927
0.05134142569986122,2.3130103291804853
-0.8249354338651889,-2.3302226409891937
0.2439063318341943,-0.7846254161891644
1.4175609242665013,2.3272621914412963
0.8559168566335591,-2.3156863555180385
0.23749168447837954,2.1785586580084315
-2.1142663787879483,-2.3978875051426893
-1.0201297115956685,2.1875026034368155
1.309739994113184,2.3075812009515637
-0.708341546809181,-2.0830209411964056
-0.32002275399616564,-4.866969096355998
-0.14826637716745594,-4.000313620158
0.5564083828491047,-1.9799834535403975
2.421419476755707,2.4932567467179796
2.2388443055592617,1.5617339721833579
-0.6692844064491661,-5.758120076490853
-0.7845707360961507,-0.7180833865895808
3.549563071860954,0.450031416437743
-1.5183509243078377,-2.0915546909840668
0.571923440928316,2.807176292907227
1.265322462601588,-2.555679661166812
-0.8902965022617197,-2.900252643119217
3.8632166405949366,2.0579969608115194
1.6689676286253063,0.9016362645176081
0.9379287093343224,2.8369081071512277
1.4456723301616508,0.5955477561273279
1.82435576667914,3.15753367055458
0.2194998371201311,3.2002305871373125
1.4493382338945642,-3.040058948996594
2.3878456066430367,2.3227970286006245
2.5594140337542965,1.5322609505335598
-0.32036008368957924,-0.7554897719112981
0.7801072401166111,-4.353929994601527
2.0329992770017835,-3.4373475203784443
-1.3329866989265007,-2.1506102520707775
0.46088948884712855,3.283381426997155
-1.06317116153205,-1.9978313297746144
1.461881348336655,3.0704048258490593
-1.707792210530509,-3.658839470402846
-1.071331442354492,-3.298424989500481
0.5436727939421426,-4.782139465827719
-0.5484720761531006,4.8782933476714785
1.955366130625606,1.2548225910212314
-2.2019615948613893,-4.267859128184602
0.2581746311700873,2.5345469266689014
0.28771284215960913,3.293227238802566
-0.5422509695619202,0.2701995328758371
0.47662867207637494,1.128539183564574
-0.8018588762289616,-2.442519776097729
-0.9803151850435915,-1.1962098535236785
-0.6380230015487015,-2.1047629494796127
0.264716147977041,3.6523701603824694
-0.6319376010380486,4.151231958184996
0.44326764381003103,0.5671805883390066
1.5332217424504417,0.7478085782752604
-2.115257301917317,-1.350435668171367
-1.8215967414740235,-2.5621074604412257
1.2381438891336924,-5.685364790492022
-4.94788379174377,0.15419112528646917
-0.007697110313945377,3.7978054036769597
0.04690843942368039,1.5754052048402758
0.6395080188269542,2.302603361640228
-0.22412513998756045,-3.8365680235884505
-0.4571702402414446,-2.0793576751512997
-0.589243053459855,-2.394075184927718
-4.892127360886718,-1.6432889182283017
-2.5204409549511486,0.6958732862885659
-1.6015049343700092,-1.351162722632251
-2.0934953230628537,-2.5181322867321487
-3.0086796789767805,-1.9318201362575742
-0.4599365460971009,-2.484952499109433
0.43854135208406286,-2.227431970718972
0.02612050496640239,2.999149196826616
-3.0192285501477394,1.613898673272054
0.24826422546945182,-3.238578780140805
1.2468246064035604,-4.02698166998873
-0.22684100803547813,2.6509745606275397
0.17993742697546544,-4.4451334690018465
0.9042234622657049,2.832770201241753
-2.032196314515265,-0.09739167266994775
-0.593693832576754,-3.4543357924313893
0.09131842250223365,3.5371223692430505
0.9802867100003196,-5.116841371722206
-1.531193249522639,-1.6624361746914094
-0.6126217275441997,-3.9785514220063147
1.7659550566914064,0.7743130168652763
1.208710703520801,1.5944462543739606
-1.2326315266321792,-2.906162169108424
-0.7545618131900959,-0.9803866164983777
0.9259200278385993,-2.5527045750596757
-0.1580018744125442,4.3959528643802415
0.843672307492321,1.5728021432889714
3.860442886735626,0.1937851488836606
0.14519272834260266,2.929301762519099
1.8086582388703034,3.4796438352351493
-1.3496805491432469,-2.408578225910942
-0.14188980217105107,4.858518322497349
-2.764634746793588,-1.6459549087449499
0.5985432971052143,1.234491518062809
-1.8451653826228689,-3.4026204936260465
0.44333544667034586,2.63538638267989
-0.7413400406936126,1.7749874336350935
0.7555349677236867,-3.8399070708062797
1.0822138194345698,-3.749320657892836
1.5464431086914545,0.33816998621313754
0.23888986803103696,-1.9199265543914632
-2.7702347410627173,-0.5747449194745295
2.2121985012320247,1.3632984642450832
1.5862386533188277,4.0555868757056075
-1.562012061350317,4.896331740995251
1.6487725817282786,1.991636161749869
-1.9962302385048645,-0.4889400097820862
3.908910482867925,1.7866506564915547
1.4663471543323845,3.544513810202803
-1.5406471065923708,-1.3017573532520588
-0.6505889251824009,-4.6359091117136
-0.5246975835774057,-2.3320621941551414
2.7879889868494345,2.366773297862715
-1.77112391887227,-1.3999160668392883
0.8942328347119815,2.3276320069483205
2.29535174967961,1.4741231984828578
0.1964704946603575,2.460832448116302
1.8862063887551197,2.3701869343609845
-1.293140410677579,-2.804150311358203
-0.7152602757305162,-3.4612600865337817
-0.9765038881502839,4.559755980369223
4.850471493630417,-0.7222518041606323
-0.7082716634082875,-0.5219361369676183
-1.2577219497131054,-0.7904775231341752
1.4459368720314836,-3.800595833170593
-3.770774662979856,-1.2947185298105526
-1.1365920476742581,-0.46882769355368215
2.3559901086737853,2.5810602867285457
4.572994827758549,1.2090287720560715
1.0833284065712876,-3.761341523355873
-0.2624199353057912,-1.5124242937594716
3.3190902575905024,1.8369840566400575
1.8101676170814445,0.17897350109665844
-0.0028287761606804462,4.235026291675088
2.925860222995348,2.1284393211736568
1.3227418781694633,-0.08224325176975666
1.9877715348434866,0.7925643020943065
-0.9056993661003003,-1.908624563764429
-2.0117753555290996,-0.46696735066985706
0.2115478090168238,2.4029089440799796
-0.43876563001807,3.561073481398634
2.1019028375782707,0.961138668148398
1.0878594833851614,2.972808537377267
-0.19654517405278316,-2.394929643989497
0.9997173730120694,-3.48906205484969
-1.4846643129082016,4.742053899600297
1.3567639322756975,-4.438765950924612
0.5258157966414825,3.364093229404364
2.322974384923796,0.7684862466311464
-0.01558589474654204,-2.746406188047321
2.9244402985071103,1.71723521079255
0.6223677654435895,3.4556408826944547
2.1014173539568874,1.9190170016687733
-0.22738960068712044,-2.792735338602495
-0.6178826179248111,-2.4596179993901233
-0.16048915032041422,-2.2320514484065233
1.4537640770032723,-4.868907300788793
0.5048541346489606,-1.8368561045082936
0.24355735928501832,3.405630996168444
1.8497080580775773,2.911622028376938
2.354028284200629,1.6688359155577777
-1.997474820631218,-0.5149700029918685
-1.0032005161390996,-1.1465449710613314
0.08941051080333562,3.2522069335036843
-2.148406222527899,-1.6123982744251366
-2.850684343524617,-1.9466768209794125
1.519207139891623,1.3391196996949681
-1.041963538475904,-3.398615068652924
-0.45185195348155627,-1.9562381375792277
2.5132176115348965,0.5570687305513795
-2.4150749658015096,-1.7928841962844992
-3.1753222315094365,0.6475792140733683
0.053500916338726334,-2.5925044102523915
1.4842731099671,1.3473367009236423
-0.22792359558174136,3.196487365659858
0.9559626661351734,3.583676951800935
-1.2541135760754951,-4.386853599036938
-2.718049370410417,-1.3508711677158265
-1.1024072592474643,3.81075340042776
-3.1792289273097434,-2.962933471156386
0.9353503234169309,-3.136867946357933
-1.3086601029005793,-4.753947673611955
-3.022682930801444,-2.8874898506696858
0.6938723140251654,1.916393675639819
2.6020354307173434,0.729310827816193
-2.3114355940735942,-0.6912237404089459
1.9111430068855353,2.568147317271393
4.1039082163613605,-0.6675399371870157
0.5091221181128929,-3.957538497047701
0.09293012758761021,3.8419332327460847
-1.2566626880703107,-2.6566945970426152
-0.03171283215386911,3.765352774189724
0.968654769092195,3.2265410907803336
-1.9456398102310923,-3.1488025328177254
-0.6407889930561872,3.2553314624077094
0.07919326398466175,-4.752860482239798
0.24807287651482057,-3.8173191672342695
-0.5317460760950232,2.614987347099767
-0.4186656809799464,-2.751080092591055
-2.7739821493092456,-0.254198047577467
-0.929167340672537,-3.468734876374423
0.32762012914463057,-3.8492290153258253
-0.5466051390797222,-2.757956804561359
1.7666274687882049,2.495360037000549
-3.162953262460013,-0.8563519561906603
3.5894602680461185,-0.6407224771111566
0.8142484856441107,2.878657612537957
-1.5005250789830626,-4.547533883533565
-1.8272073326351639,-2.994243147109858
2.914025139881586,0.4417296053770543
1.7518574950935129,3.6322797144584213
1.269758718892847,2.791269687935541
0.5968834142184483,4.0203934608982
0.3425976388189802,0.7927007946311688
0.4021726464776181,3.255868168159878
0.861290657973325,4.730481383811513
2.554347786218278,1.0494412842756415
1.1565305005320647,0.0964839240493296
-1.4962282651084389,-2.35400780682085
-0.06094347487112206,-3.6164589382734045
-3.0544933366503777,-0.5517994274477878
-3.741745172337086,-0.07177636673502308
1.399681263501038,3.4790201026650545
0.9074000479625086,-2.692742645794579
-0.19591069246786197,-3.229034312281348
-2.5923558508720586,-1.0435952465199394
-2.656464083234418,0.24561180384419457
2.428678952893959,1.1914107532454836
-2.4626882717894345,-1.181196534358676
-1.0011789233092678,-2.8277941219647076
-0.2728179056295791,-4.41180522922739
1.9334387892881593,3.268000855793471
3.6990778728056903,-1.0874920946645146
-0.4716264673209989,-1.2471719088993978
2.2427906857430626,2.9626172458860767
0.8610082911294463,2.6964624693449726
-0.20095274768994287,4.05633764628727
2.275938923315257,1.3140934165368043
0.08200041065085895,-3.486219738890829
0.801102075062754,-1.9015112837890804
-1.01323474798762,-2.626863378346043
1.0091118908019165,3.09970834409895
-0.40913066236313145,3.7696352684407204
2.2821391893784826,0.9187565199572885
-1.394628674070712,-2.518188134956065
-1.7551430433229438,-2.6967111056981583
1.6803957691712452,3.529158876567191
-1.0300659227986588,-2.62022447670412
0.4093167458644049,-0.6679639409680824
0.9478532510115817,0.723530825500105
-1.1731684700028797,3.2269247706425026
3.103415048612776,3.0107531721690264
1.0123051204626945,1.7279661147352385
-1.6235238805407044,-2.263066405688072
2.0184091755760045,0.9504304697395789
1.4000356762797626,1.0706092064777637
-2.047174919671323,-0.25376544484472685
1.186901967472681,1.0966681783199148
-2.0323161136459054,-1.0047030236506778
0.9468925053693864,2.3222920317414313
0.26787937201192014,2.569713791392004
1.0456526686080256,3.160694563877001
0.33472118291758013,3.3880465889717293
-0.19626413878376758,3.075627459998142
-1.6289804930207277,-2.9531743000812125
0.926593769694577,0.9206775463690597
2.0224689715825406,1.186541254248503
1.0997499600101313,-0.34855926718846364
1.2424046850511026,3.2458888841501157
-3.950314904387276,-1.5402472236732598
0.17000486586514874,3.349647901613637
2.8501403435397945,0.6859799142301948
1.3574676050802017,3.872445209926586
-0.8951222123517708,-2.080186364742456
-1.503303720953041,-2.826666111577073
2.390317891676879,3.868133211821114
-0.4013283960462778,-1.4404441813295825
-1.2660969635489177,5.743133794244693
-0.23765203549407365,3.465408374699021
1.3148909124443922,2.070839278409434
-1.1860856976263159,-3.3255303384989037
-4.330030025824869,-1.180390742541977
2.285962265465425,1.985891517858586
4.544427744756767,-1.2118503423569185
0.603981882384546,-4.305746270573579
-2.3505886587451537,-2.0310147885130263
1.0945375004941074,-3.4426321417824797
0.2672184912652985,4.036906244154923
0.5601669387806911,-4.938216059040441
-0.2713886628685287,-0.9855616183157248
1.586835561050836,4.477885799750798
0.4018349976936729,5.082399191955725
1.0920500705335816,-1.9683277196592794
-1.2015485949048608,-3.5306536775667454
3.4589120348022924,-1.0782826934407184
1.870564939464042,4.004670268514679
-1.9002243471927773,-0.3070623993734207
-2.534657517048907,-0.38790743837942854
-1.4181058078593132,-2.446433497831792
2.386269287610302,2.4810435925210026
-2.8866523476196155,-1.5606769925493253
2.2580494300653395,2.203276070041571
-0.47952094586563687,-3.6446124228893946
-2.549137579326417,-0.38645445849403526
4.228563500037497,-1.7664487616482134
-0.9112211552366678,-2.562136401513836
-1.7558491900433133,-1.325583130320311
-1.1831228605098003,-1.011277257730529
-1.0544565529469905,-0.7146382204572119
2.3370737935670585,1.4107801260356758
-1.6298828216129793,-0.9228802231964532
1.399606660299262,2.3667428521571208
-0.9922294901708115,3.5279023673748515
2.539215809277757,-3.9193306897222193
0.6278607469793751,1.8699691396987044
-2.267789848365517,-1.4806168502103407
2.3454386695681446,0.2937778308919259
-0.31820162199217494,-2.8595142441216126
-0.25208361632519427,-4.211812774006516
1.4858554448239194,-1.1320217398332055
-0.5994599689074347,4.129225034435199
0.5415300514258305,-2.3602750595924005
-1.9465875293516153,-3.3573222683667954
-3.5852077684129777,-2.6490405212416874
-0.689461132654229,3.126687144727798
2.6053975414434207,2.0500204262694464
0.17114976172171614,4.995579736233503
-0.688892205683862,-1.2143259224638399
0.04022892384398591,3.9244777562698108
-2.0197104903774576,-2.598969784166489
-0.6386208277958856,-3.1778924449468304
1.1260883600686957,3.65620940648237
-2.174253829343477,-4.053909337293165
2.934800967394777,-0.1909801535315947
3.0417588253787127,2.828490259435282
3.2207200417891753,0.10752063227169817
-3.379795836049601,-1.4232992187673685
3.1193290177726,-0.403542945170297
-0.11621239654540083,-1.1107289757769012
-2.9828293240681365,-0.37293574341390556
-3.228033181353872,2.6792087893707794
-3.1196094064338444,-0.12749257659172253
0.024512981221602725,2.7349836486968306
-1.4303131665670712,3.7659379103225397
-2.142879564660894,-1.4991999318869003
-0.4123161445253626,-3.5856003281742357
1.1817871067437116,-4.282293533745625
-0.9365373877459626,-2.457712061502796
1.119923927296334,0.6652694711635501
1.5231402279715787,-0.6083713880587158
0.17803220220256066,-2.758359103308533
0.23035986874502457,-2.999202170975387
0.8382450885096644,0.7993960040955539
2.5033161465981584,0.30534195830385036
-2.9267623288988545,-2.105815333945903
-1.3400397238408377,-2.4192160582456017
-1.2210972605432424,-1.1981591892352024
1.167280702686186,1.1445063698874716
-4.58458126552406,-0.9002463361899888
-0.79614154766441,-4.752009321082572
0.3165337116578171,-4.063692428974289
1.990831127058863,0.4856505065449368
-0.17222582516110463,3.94979917314019
2.243548298945322,1.9521355616371325
3.6910178160217435,2.592749014850003
-1.1803994842895325,-3.8034979057969043
-1.4685574667139978,-1.0092646680671253
-0.5777878704630879,-2.639544037299008
0.766449356585583,-3.7902524529882604
0.8833197497594618,-3.642236664961484
1.0540389985011145,4.606585860024024
-0.31986785022000586,1.6557173129348715
2.577014875594542,3.9067686517967477
-2.2544504428261374,-3.176033012014115
-2.371681634944734,-0.12735827922907816
-2.4294595427450565,3.9382344067391415
1.704912176620236,2.4594421214105515
-2.3115718331085486,5.259052750309738
1.8107300203902237,1.8911316914977088
0.9623805509881846,3.3105018942742404
0.39153071938575745,2.6465221855044505
-2.709998391432271,-3.49362290712544
-2.293649371787965,-1.4855174773347386
3.140171590794561,1.2318970746522104
-0.5038809814194631,-1.5890853498166995
-1.147633907125889,-3.3043122868356742
-0.4550018253493593,4.236356011428197
-1.1955975972133162,-6.260146523460917
-1.6464510870337903,3.373396821692364
0.7658345038197338,2.29252040136217
0.1461394662624148,3.245803956417564
1.6963946552973481,1.3735642097711531
-1.4689146569111193,-2.6202728254414245
0.06439815593974729,-4.302422440503372
-0.2609430104643665,-3.77490698200426
0.1893707696933461,5.754780209804499
1.5969510343297415,2.9841005183074087
1.8507716825483376,1.1590115336010243
-2.936125264763814,-0.966638791817579
2.9026824585758906,0.9267401247826248
-3.092725502293941,-0.19148991014306205
1.5309388634828385,-3.629130166828496
-1.4033693785524437,-1.6312728680825788
0.5803492788258455,-3.974398028259645
0.6427243751843503,3.5137262168961736
-0.7253276637455071,3.774070763065102
-1.2581109764892757,0.9679048491227515
-4.411526314139207,-2.081167905630611
0.6642532383627711,-1.6601167677823465
0.5412425256966031,2.6290202933856075
-0.592825723320479,-1.8251227634630696
2.2442304832309476,-1.6563216897067519
-2.553700673539023,-1.7899651011575424
0.07826806234124084,3.5944056395546435
-1.995395512164245,-2.045765659094405
1.7749791904428451,1.9772231401001008
-0.8401750774469864,-2.501409934366013
4.410643788821816,-5.545687355959171
-1.6578038941606588,-1.5981170866697219
-0.014260592625434665,-3.433583363272381
-1.0713692801975643,-2.4445459821270896
-0.7991840759595704,-2.7257742192599155
-3.476179575510013,5.297677977174962
0.11304482233376634,2.956925586840215
-2.34423620300018,-1.0349544725021598
2.4286990451775035,0.3165941603943394
2.322598993514489,-5.479620714910835
1.9596045345321016,2.706256774527028
0.9480599875293851,-2.918580648872186
-1.0041162759410058,-3.8921734116397864
-0.7137678762987988,-2.9014127907370053
-0.6514359981074725,-4.147148944341209
-0.5552300840209901,-3.1383162493413406
2.2607768085630457,1.0527248425505187
-1.6791444683573047,-2.7559344770624694
-0.21428621472965437,-2.1953564894607926
1.3744012471395515,1.2486678802771327
2.165791475174993,3.171823642711258
1.1011921869772756,-5.683259204105264
-0.7408126882021855,2.852062698298978
-0.14396595747092344,-2.7295898173311226
0.7106728536050269,0.7824416488746679
-1.786942504017904,5.25879731692911
2.2241920998149016,1.8926846691803556
-0.5996787159739547,-1.3418407229998284
-0.039223423085395503,-1.064860365822718
-1.1714003503367696,-1.108803914083086
-0.030111644862994336,3.4238848672646043
-2.3489907705535087,0.3110353294085759
-0.5310860910861532,1.9620500994028263
-0.37514065105304817,-4.219616498367968
-0.5672585166036992,-3.9440145369137323
0.18258166388087493,0.7497366961975822
0.4483233773926272,-2.1426042754719705
1.66062365160967,2.097284603649251
2.115657556854213,-4.894620742857198
-0.9746633125834586,-4.259107880863169
-1.1444281741053932,3.44964400941729
1.0885172964642764,2.639469067426382
0.11595016638377065,4.507459867163481
1.3607971937684022,3.5827840921054737
1.0217394551848173,2.321950318851394
0.9591212529416993,4.001314140456769
0.790006354927504,-2.2876912657325645
-0.16615900533319328,-3.6777180645097696
-2.665023145346896,-2.1323956041638086
1.903507895818155,3.5558405931932366
2.0678239006052914,2.7116866745612627
-0.18541979989684987,-2.970309753995686
0.8755801752520436,1.473685115425222
-0.9825182854231028,-2.2662718084392686
2.028457561263831,2.1455526755820906
2.4984296681518794,3.014106287176669
-0.935026298339491,5.3079596212199975
-0.43289420161803704,2.0503711733819903
-0.9542529122980394,-4.144798134893473
1.2358747953572191,-5.843129146925392
2.569112365400253,3.7851564567075964
3.0649599849744518,1.5209507968082305
-2.0991704916215927,3.0460731809945516
-1.4802982579600303,-0.5401306892680668
-3.382348465439656,-1.3023468909954004
1.5189287845162303,2.6912724549051465
0.4587206568414195,2.675492145324639
2.2361642195558575,0.7424742370752055
-0.155679857696148,4.952115418578238
-2.090029924139265,-2.910806833183666
1.2125105754960828,3.3546153922055737
-0.24547665824746434,-3.656407479056438
-0.45758065647631874,2.623660668940574
-0.1725332451933589,-3.2303631053484794
1.4767861212601074,3.276088591783746
-2.448738008254212,-0.6261934248004728
-0.18865284499088664,3.923647392654646
-0.9210465716721445,5.367982428703417
-3.41210570348796,-0.7524230416272875
0.030390503828426896,3.8587302064271665
-0.24506634853662201,-1.1798340723544591
-1.1724312774126404,3.7152073322098795
-0.8000700722951188,5.1685075558866735
0.48479170511823066,-1.5957411198132048
0.02100382783764565,3.0783587373824166
1.4487612995807022,-4.7795916370824925
0.5603443655021212,2.6286843920446166
-0.8880755397981924,-4.071407992409334
2.2490516270426886,2.37745014712605
-1.0734605781145303,3.291728147969552
-0.22205308705930293,5.154431547809194
0.3570867790379768,-4.202539180320175
-2.8834650919348577,1.4113089356684423
-1.1486201533718396,-0.9718314892472111
0.36931257241007587,-1.974244829743848
0.0647369280187331,-1.5105698112203665
1.0085461808306584,-3.220569164837938
-0.986561611156195,3.123606417678502
3.327223551230975,0.1431536485666527
1.827994423376742,3.3294352861496237
0.8269918581612474,-2.129981079988426
0.7079669152564525,3.0081404013180966
-1.1538116378209318,-2.629306069976529
-0.6956433468238667,-2.7069797435242093
-1.1852768469157937,0.6521714053780077
-1.175577844328803,-0.6951577811366061
1.3713387437921591,3.653931307378123
1.603669078954789,0.46978197905771113
-1.8422681891873625,-1.4404665209596692
1.8080931074509827,0.8467342899753401
-4.113398498892124,-0.07740780010435877
0.5344745727689271,3.275882380452306
-0.4909011313383499,-2.446080786565012
-1.225978058793116,-2.1784550058332117
0.7774954602364315,1.7633817424138678
1.9914727662395766,2.1447399916765058
1.0087096711672265,1.4556740023283266
0.5053876002413733,-2.3123942472718166
1.64220627648678,0.4473103062157473
-2.4064018567988263,-3.598737736986225
-1.2989576741109738,-1.3666896805123125
-1.416002951194616,-1.2895140378034875
-2.262134570207487,-1.988272795731353
1.7031857325116753,1.8122407179406863
-0.016351827275506214,-4.424146145302707
-3.46414404619623,-0.8322844926514537
1.1960691968954031,2.0407316041293524
0.5459969608075486,-2.7970892203500703
0.841194826119625,1.9088544970153718
2.0147720828607536,3.95082727403239
-4.076291093329523,-2.3133093767093693
-0.13513493314739944,2.2217093284104865
2.25717593554236,3.5121057115311674
-0.5558872335874951,3.042626777355851
-1.5919843649986107,-2.624739881515574
1.1769060962370033,2.2772335694520445
0.4250069643917873,3.497642783136032
0.7423884279140416,1.7620904953918628
-2.326829142110655,-2.6726450198931753
-1.374539546252425,-2.754929465949715
0.6161174129442795,2.905045958066994
-1.0407096593260818,-2.319355249280601
0.19300219792764284,-5.059023103226402
-3.7443417354627213,-0.51604990906969
-1.3615016724888849,-0.5147586900539354
-1.3525557066282152,2.205955599288428
-1.6899065144701129,3.3399513244304533
-0.12366247359873506,2.564851584796843
0.9168096130854927,3.123417432471603
-1.9515090662096264,-2.852965953442509
-1.3385985946283059,2.5073679683130505
1.771922870222772,2.8610790193780837
-0.06111560564530705,2.45348994517062
1.9288513540502514,3.046579462891422
-0.7237494340054176,-2.6266574558068396
1.7612187072369188,3.8342548441140316
-0.9053071705828764,-3.9546125414348463
-1.6026950280138095,-1.0998401176118802
-0.4609926138161078,4.1093300286516286
-1.5985061166129682,7.295658963182568
-0.9928669033069317,-1.8729165689547447
-1.7144434646428628,-0.25484682377842605
-1.2339296137072553,-3.0144428690454865
0.045834539127825424,-1.614653720939231
-1.5201752091685252,-0.9029568481097161
1.3031037061416137,-4.096068084228481
0.8494877627904297,3.494895149142753
0.8249605757586896,0.7317064994788622
0.06905055636686264,-3.761776105674076
-3.3631529451282787,-1.596464094390614
-0.2967447192994339,-0.5817161116053491
0.7715157067141343,2.778904622360663
1.855333553207027,0.6807136592652725
-0.9648091062721065,-3.636621614313805
-1.830141389906867,-2.877937166059261
-0.09724831969663472,-4.953047506835297
2.260453323981965,2.2187668481873732
2.308535967850455,2.192485121485305
-1.8576494302656115,-2.2109244281439753
2.7553299941569613,-6.860346372020367
-1.1722992955820644,-4.587925463619853
1.0877137044477134,2.411064297935033
-0.5936703592999919,-3.234096848466829
0.9557685401317761,-0.011241236561681855
1.031359204398019,1.9584594818628576
0.33712094987743313,2.365543383599287
0.6458878506360421,-2.8471814857551725
-2.219230957697107,-4.518589608415191
1.3824261067274393,2.1218053878136485
4.069061643150871,1.19567053648085
-1.6689236255157893,-4.536413967297852
0.37171239773684805,1.4413772819156763
-1.0885077585353493,-3.7526396237213646
-0.7100582472531767,-2.0599511444516585
2.580521568888137,-0.5236356371004618
-3.71412082840228,-2.4579819756242913
1.1254487566365408,1.6880245866145789
-0.48192225555374424,-0.44651974462634314
3.2470688245256842,3.4547860739514977
0.717708541692474,-0.7627951182559793
-0.8935593803081754,-2.412496681012172
0.3630656500906593,-3.3246648758998862
1.3418101625502432,2.442962202601049
0.12594069425055165,-3.2363144807790856
-0.17578013991550379,-2.0839077881998036
-1.3166118195363805,3.838321458902975
1.0153769045373495,-0.032615040684968566
2.909895316945092,1.2450132330711154
-0.4955635508957621,2.8253148390042018
0.043858513347472705,0.6311101967125659
0.5607832849856451,2.2558342403098766
0.4354377015235775,1.9167885057125167
0.31204334735163,-3.8561705448002965
0.21008493803429595,-3.633402097002769
1.210043017078109,3.4889565262010795
-0.4591417349296878,4.039556839681031
1.5437573072860142,3.0110966293576302
-1.050482940092314,-3.1570013919407955
-1.5866450537884949,-3.4439854734479347
1.5116389488240758,3.6480067153593443
1.6550519786322404,2.888239895309999
0.9493359569388581,4.3927809350962175
0.3902142111196192,-2.1700482285819493
0.9213936444687286,2.9663812186101124
1.321634223745777,4.344855594850154
-1.5072278110283928,-2.9095479794765047
0.05624687255761962,2.078769123036848
-2.423673442554685,-1.6642771416682487
1.252473991196004,3.961128046325017
2.1851068673788965,-2.3153841959626624
-0.09711289160661829,-5.637212327258211
-0.6396866598394272,-0.9558912630673388
1.8873248504416948,2.4148492052146326
1.850841060445366,0.9393703691578794
-0.8109901940671755,4.134413210323085
3.120170666623068,-0.9459889905069545
-1.1353294574313517,-3.9744836251201052
-1.078498585279312,-1.7293795711757314
2.216856162142492,2.6593682544892263
1.2287511598247587,1.7886310761408346
0.8764455862072726,-1.784417867277094
0.5468295442292235,2.7141856728828957
-0.8906059493807541,-2.725072966946837
1.168384267782876,4.551416281807445
-2.2179898171454315,-1.0889371215812758
1.6780204805646624,-5.983463628637199
0.7415727756611676,3.701628173828329
1.7110649091989782,1.3311188543032746
-1.8840242951293908,-3.013422040830562
0.6015784113295666,4.145433059677188
-3.4231486807797245,-1.1159114822276681
2.0467215290178205,-0.7540926192573969
3.458681685023251,1.5182104153525589
1.1783773631154475,2.8742603797200905
-3.171358884475458,-2.7012769658453744
2.1135981740682457,2.4842563114644305
-0.5636617291373098,5.050929230239027
1.5450329678979813,0.924312895101818
2.442960202908524,-1.0891180044284794
-1.264319555914406,-2.5107302068566835
-1.1614448884439608,-2.4097143637790635
1.2565194240898776,2.4162967012343586
1.048917087154377,0.44066826314409013
-1.6051998649359653,-2.4025300889700323
0.5154262135318206,1.9914127248387512
-1.2476870094226684,-2.9563427654445196
1.0200727905856992,3.3785903937149646
0.6881582133438051,1.0284630487320057
1.242502998984061,1.3292555262825259
-0.7089720191032318,3.3083658147887407
-1.6962522207061752,-1.4499037669761128
3.5834507847213315,-0.4868827624644827
-1.4709721851047324,-2.224886640070931
-1.7997698594786136,-1.4059864290283168
1.5785564727002972,2.2634702468703756
-2.3533947867525127,-2.969127275078104
-1.5020876993246215,-4.623918057936679
-1.9199809848986817,-4.355715886933097
1.1119009372238398,-3.8217727538176414
0.12342631330407472,-2.8851516991682122
-3.294485326101055,-1.9743921474674861
1.995816158449982,-3.054778842124712
-3.1041690105073996,-0.133701066405842
0.7154513178370159,4.453814250911963
-0.846060034774401,-4.384561480058471
1.8140685037283504,1.7898531837040843
-1.1919107731913439,-2.8859608702849595
1.0044424129254323,0.4598270081401665
0.06995504308402956,3.064738806451834
0.6436565110513519,3.2771075942017025
1.0371779178754217,2.1723632572744815
-4.658842569168023,0.8559367712538286
-0.12696923468529997,2.3910302131449277
-2.233356880202775,-1.7308615994643448
1.6522255621016004,1.203544840744227
4.181989356417654,-0.809559629350908
0.5499937809165913,-4.66065605038635
1.4196506161209381,1.152900067512508
-0.5742571636022187,4.840796217624883
-0.006997443753539501,-1.426577048706213
0.3290222719593071,1.9161797678888555
-0.7287652791476413,-2.1496120774381366
-2.2595306704164084,-1.2822081273043096
1.2681505765874044,2.430110481302635
1.7123498760830644,1.28141581477021
-2.1184060891646377,-3.672617002931582
-3.240231319660196,-2.310328330892264
-0.7609084611206072,5.505040645846343
-1.3130807096591333,-1.263928492685672
4.1085484751119585,1.4090968848244272
0.5279711744995959,1.7908128180677287
-2.132642266867415,-2.2265179749014363
1.3543106644431433,1.2799970521944815
-1.4702386920256925,-3.290662610629844
-2.6589467266456275,-2.007479551753042
-0.7208697805726996,3.4051322207906747
1.8502473817524936,-2.7976659158032935
1.7847580949426745,4.867847513708186
-2.9112452534478184,-2.447521755121947
-1.730784320812165,-2.3029618934552922
-2.102794020238342,-1.1219732694881932
2.1393555956280745,3.752644412836892
0.11758004852055715,-2.94311090093776
1.184704608678542,1.8459094866878925
1.087314597399235,-2.32629910675741
-1.3515545726293288,0.0760911990108526
-0.3609206564241979,-3.928215567655255
-0.22128981034186446,-3.4726198584914654
2.0852977493975846,4.935046904215726
-0.8701384152635745,3.106893797607755
0.6411551865721694,3.2811801937525575
1.962521446159022,0.5603612147611634
0.3076133745667249,4.51975265050511
0.24412243819799617,2.3000262524222497
-1.2273992201998178,-0.6080659820119534
1.6561602651393406,2.078163142457233
0.40776593625266955,1.008494621634749
0.8841643752093344,2.198195865696325
2.761308763172332,1.7481626219870896
2.743301352203779,1.6764599011149746
-2.068792623576051,4.555675810724937
1.3342705076535795,2.3032596608433042
-0.44349693643682175,2.8178024050375536
-0.12171792518017532,-5.393693624484127
-1.5165386452824952,-1.8831701020690288
1.9236292486153284,2.134074910121507
-0.4784273887408941,2.3182911839907843
-2.2798438662534215,-1.0011513620998878
0.5017305262091665,1.5286476609045527
-0.9889716427179176,-5.661288897404864
-0.1549211872574362,-2.541022266649951
-2.6722673940476778,-1.9061543839197754
0.790473550380195,-3.7279131733055797
-0.4617377259023545,-4.0054309838412685
-1.0507956011294173,-3.2929789783195282
-0.9472968789444527,-1.5616495454584598
-0.6223945452809232,3.4759930022270487
2.164838216126504,1.8383813141646672
0.07368666488113296,-3.7060228001917332
-0.31250766022974563,2.4619357249600986
-2.9839481408199675,5.373813885526393
1.3054178488231494,-5.434117910454846
-0.546844727952893,3.106707167403359
-1.6426347475900924,-2.6018199977064635
2.3393688211465893,-0.29235030814039886
-0.12999229053767136,-2.0149614211467246
0.5353056360216073,3.814940157318597
1.9124040678500798,-0.01499757969573734
-0.2809094773848866,-2.4233961287946557
0.2651914251223242,-4.883741305172846
1.7679298337068108,2.193722850564594
3.3824971582285768,1.2672304371884804
1.495663427974061,4.621817356537247
-1.1661527692703866,-2.5399733135563554
2.5762898280351365,4.035729042838583
2.1257013211445788,0.8771800328240797
-0.8793380534196069,-2.3458030839101696
1.1209909373565765,0.8235309388264591
1.188110289044459,0.8063666648426682
3.1021344403643525,1.4164583115129707
3.181290469305618,-1.2420580210912955
-1.0894283959376305,5.285627869076872
-2.7678368987910824,5.80127687474106
-2.2729429488668265,-1.2815250744179933
1.1101070890764957,3.754003112045336
-0.7967684775682471,2.886153373077669
-0.11770256972330251,-3.777792682628264
1.8011351008424907,1.5821958905716742
0.45212226654046805,2.432800411134966
1.261801261278055,-3.4324362744344645
0.22247231419768698,-5.038111296943417
0.45704599828614234,-4.108865679063921
0.08982833513441801,-4.804657768318378
0.35467391598695075,-3.8878042482072823
2.444251467912392,2.110976085115108
-0.15410763412606343,-2.6412792119176736
-0.4654575559386347,3.8592710068560065
-1.1317573348205412,-3.402189871021906
-0.3054496860032576,2.1859024352687686
1.6661382012762396,2.155353296973651
2.6268401039038975,1.8218585612540266
0.607404921353139,4.0121199651288055
0.2315767590689466,-2.804361503315036
1.3353336501156727,3.396667747323313
0.6324859746571575,3.1665127940331272
1.5691553752393186,2.8786575922118187
-3.2253123410802775,-0.9929066871259005
1.909502496198899,4.073407358724986
0.320556990365073,1.9226147304143777
-0.783415546560774,-3.3962770114461076
-2.5508113171468585,-1.0320356550627272
1.8344137261741897,-2.4390085505035386
1.041493495045851,3.522591481935317
-1.080141490051441,-2.9315692934630544
1.638403977955274,0.09050463305309853
1.0052600474477944,3.4392064160916065
1.6477685027549063,-4.781037346523215
3.020265253449387,2.7528339421014314
-0.8557704962473436,-2.912004632062561
-2.058973991339781,-1.3023195363242008
-1.3344259835177823,3.228912687157868
2.317833794974808,0.541598337724126
1.324317987577519,-2.7658150095657557
-3.2335037562230053,0.7087670476306913
0.2263188339583717,-1.1722923518289237
-0.1075505577277982,3.798868855181641
-0.9757815473467693,-1.3232422159280066
-0.7795546986781097,0.6405726392344517
-3.259575642854244,-1.7194309703122284
-3.421994924412377,-2.1369509625150327
0.04038503247131753,3.355247164782534
0.8908372858683737,-4.642566883856979
-0.030781777535373922,-0.9807552330199889
-1.821437286041769,-2.141967531364279
-0.43023893023757087,3.9196498234686206
-1.1152217001932903,-1.5278209077592173
-2.494114403367128,-3.3951772300059617
0.7486840516760893,1.5893767369421719
0.9654230672652769,2.437982618057531
0.03993516843553935,3.600389540060395
1.4568651257735135,2.7093901105086062
2.116501219860807,2.272489667056313
-1.5806832336679513,-1.8800276982447266
-0.6389286514207545,-2.098569815658615
-1.2296194477004918,-5.087743627072688
-3.2438102652168768,-1.7183119294090918
-1.2362890391079757,-2.075512684520536
-0.6883110392346833,-1.6581190947819433
2.108060628212505,1.830652392866472
1.8347912496493346,4.092776448000464
-1.3002803788686004,-1.2528096388459207
-0.08857449521502514,4.397583221925988
-1.7458038363547348,-3.713067631641464
-2.4489234091631253,-3.0853337939943737
-1.7442411570102154,-0.03809135364800964
-3.386671778979552,0.47461844992773683
3.5664598010486377,0.6644140785387416
0.8152132011646818,-5.1165734086090255
0.11225925374714418,4.817797078673898
2.2525758181278817,2.6173215372617786
1.8264450856366183,2.6888104062592757
0.1548944259774746,2.2814017805009486
-1.2128826198401006,-2.36298047323023
-0.6449198691955265,-0.8759061327280451
0.9278420597833786,2.135182556003033
0.032622819663401414,4.669451113577358
0.47555213682786635,2.4373266646833462
0.8688300208437179,3.2755054282222815
0.49745847394388143,2.944565286305875
1.2464461803141973,2.2095404367724534
0.07594440650095358,3.5409263819693173
-2.6556363724399135,-1.575222667387633
-2.0981051267215904,-3.8761785193762557
0.27166649412156607,1.8535958498353984
1.7091256668833383,0.33641014117946444
-0.41640987841232635,-3.840455172887984
1.828983620304974,2.6017134048096375
0.48737199161409706,4.319997455474517
1.289517308469568,1.3960050631740062
1.4207255358393478,4.410823832733493
-1.6225129783144805,-1.998249828613243
-1.1751942272276619,-2.984112712763529
2.780077173882054,-0.31938218812970254
-1.5476797333774264,-2.0286815198706662
0.8796229669912622,2.678286188575622
-0.7304498188351886,-4.058430350195803
1.491917519924795,3.2646401456214456
-0.21944384215317791,4.614048364790433
0.3091218780517656,4.952376905248963
0.3705979343472101,-1.2353345020194375
2.821413020867965,0.12064674014590127
1.1363907992141424,2.5051851564421375
-3.0298039546498585,-2.8468021230838136
-1.779415971373823,-2.67699326735548
2.4273448727537343,1.3696813425761107
-0.39462033792683093,-2.395272897029962
-1.5952326928005653,-1.7086609327879518
-0.9749580394992687,-2.022402639712636
-1.5353537386166667,-1.4468160147718974
-1.7238489004441533,-2.078886325503521
-1.9802123751031413,-0.38589699711556147
2.6967178163184,-0.6486826688730152
-0.3093261717525043,-4.259454670468457
1.1541175806881985,2.9363979025813123
-0.45976011743650214,-2.3160062158647077
0.26075000229953726,2.355509909447686
0.7593830057119819,3.29560337122662
1.3068751410765422,-3.1874502866032204
-0.8607488303656883,-3.6781714357374646
0.7781361992916538,2.7060325044164175
0.7911698100367981,1.987767480076771
-3.4658264731568695,0.8332344179266276
-0.508078827922003,5.657819018315895
-0.6341775266202068,3.949771692736924
0.45102245631736837,-4.534309951268119
-1.8007057373262698,-2.3405447811960927
0.2824165892672592,1.8149734215010962
-0.16457970759010732,-4.759292376725132
0.18512289845646135,1.5239013897122602
-1.3317051375070976,-2.9823085311452426
-0.18287913745859274,4.494428111856805
0.9745022794766727,2.4393201492659675
2.2158935323810454,1.824169459632058
0.4894592661003243,-3.485078104596594
-0.6731089680486164,1.9256227451523356
-2.1108049994894067,-2.0951311012690743
1.3374997462390268,1.8571586074638624
-0.9795812830200056,-2.920398133049998
-2.322787142896183,-1.9066000615928653
0.5320177090071851,3.3279576114850764
1.937750401911234,0.544538179969996
0.012857379705131677,2.420997496350958
-2.576752924947952,-1.737512544487021
-1.8146200140431978,-4.361709119156773
-1.886005949187191,-1.8790499174347959
0.12203237500634034,4.617627307347096
1.5214704925436693,-4.773227367949302
1.1420921533663773,3.2100845085919514
-0.9550542060369069,-0.33695741783647426
-2.1019811545236973,-3.197095038109798
-3.603618465074909,-1.1515397258178017
0.2196260342124412,1.1364837843593212
-0.36903240766089374,3.3113948315725397
-2.133399460456033,5.524566713229754
-2.1224169122001726,-4.067102727054631
0.013827316811066304,0.9772670713184204
0.1790406256990269,2.803492930796657
-0.7521398717561629,-3.9347734153982277
-1.7384628381488167,-3.162412972279831
0.7669164238143031,-6.623302975017363
0.6909925858612573,-3.108756706880305
-1.573331689012293,-1.7406713395914122
-2.457702716331612,-1.3515922602635952
0.7752468177292995,-5.028900676687304
-1.6649577018352821,-4.1773095296287925
0.20846906800203358,-4.194042194081849
0.2004127378939773,-2.778856492179452
0.5695991721211089,1.7938970043841236
-1.1268720456664718,-2.2135038679612182
-1.0833770115076051,-2.7670724137525067
-0.3065057838016172,-1.75903425543113
1.821583550603783,3.1936413735669564
-0.6811253028793273,-0.8136867687738243
0.8691375550153777,1.1388918540806352
-2.6859864975959415,0.59593081106821
1.9598914319402163,2.898131006157412
-0.44678487845994663,4.771721240851047
-0.766109784113276,-3.0853449312141445
-1.4969159364365654,-0.06616999714588934
-0.3784586994403363,3.188856130897628
1.4411920516745296,-5.787253711479806
0.9828524655757438,3.343134998044266
-0.41716549125606384,3.71214335425789
-1.0297555348282552,-2.284942410286509
-0.8720086017344547,-1.1967561914375846
-1.670763671222792,-2.845224527396162
-0.2386352717005178,-2.1027163394289476
3.405189557066993,0.7784750757014511
0.045057295981967616,4.086333964213502
0.7811535977259562,3.0338842226511913
-0.8623376477247099,-2.9815038327474364
2.9198077343950617,1.3049251597895652
2.9841286229159985,0.2240458359835671
-1.1788108435463338,-2.917280517596813
-0.5502392297699827,-2.5341048742003207
-1.6621057614588624,-0.13210633492990675
2.1667896879658914,-1.951595559352905
-4.689075894328625,1.270353268685863
1.7872284575775605,0.09499828034320323
0.20443935239357325,-3.5761536299887933
-0.5147712454776365,1.7786056871608393
-0.2609044853116349,-3.034656249839897
-0.8324142650447437,4.533637794581384
-0.6280001561911525,-2.6144001997373456
-1.1264042213201564,4.991983922220202
2.2083474496098185,4.966272836124007
3.942025504015829,2.228956190600985
-0.41167665684642796,-5.441080406276933
-0.2578934814622049,-1.727594555105509
-2.563221657927379,0.6442534359883885
-3.6643048030764933,-2.573526189819013
0.9983346145936481,3.3808709788522777
1.274214500139902,2.069737483837821
0.49738974711848427,-3.6393597188957
-1.4416728353044133,-2.555167034387737
-3.283118758970111,-0.9880273452879709
-0.1471056629312817,-2.6162629622436415
-1.6617918718837215,-1.5356671867950202
0.7343269844211985,3.514850809662569
0.2601071608753671,-2.662186542207031
-1.328235884519731,4.3098171385799615
0.5591016322318234,4.411051807890288
0.4289559277674996,4.103422007361218
0.9151748099779304,2.7424612088002096
0.05517402653420589,1.6435631528435535
-0.027090569999734693,-2.8364068641836035
0.8936051787568468,3.529194904644196
1.210321419295475,2.491354735066853
-2.838132855597672,-0.6639366840263909
1.4000874907909209,2.5252847065776005
0.5453508005184318,2.7098264057084878
-1.7028876852377457,-1.9305863663579947
1.6079574058487969,1.3188623965486979
2.0617964515542244,0.20747430625338747
-3.389676247671381,0.6407535334412677
-1.71046648148296,-4.0919728936302135
0.21612870360145198,0.8083666588383394
-1.6250992190077955,-1.1128214035031863
1.3868358100870504,2.7777099638965157
-1.5728555479037722,-1.4569390716086303
-0.6086452046159302,0.053378451214314726
-2.399203294710069,-0.8760470018011692
-0.37410690677442315,4.610496038152663
-1.1760238071702593,6.185778655635385
-0.06220298001829505,4.465090045291786
3.1005301889953962,2.768445755563388
2.545728387407509,1.465459638843887
1.8966006011166003,4.085471124645178
-1.0261472239321403,-0.5794985088681179
1.8689703336025567,-2.5624877896464264
1.9937994790270142,0.3666671523211811
1.2998604474501818,2.466628330257369
4.262282573429969,2.804713228752969
0.7357748604868936,2.6085386683936456
1.5335188230085097,2.20566632808644
0.7796145511021902,1.8897702520658326
0.8179711392707613,1.4629910345894022
-1.841486443143825,0.8310091930958698
-0.8559169896654102,-0.9408664300323317
1.420755988418519,2.5477478238075477
-2.7518943619538314,-0.6145297543634491
-1.5490949479306735,-1.0211116219399086
0.3765000805764419,4.298341669636234
-1.6847822830526704,-2.3050936717598525
0.4230504435712168,-2.6247525107027343
0.16670085931824974,-2.6958878535156185
-0.3803856685745729,-1.712177493863873
-1.5219993313629678,-1.0693287046218138
2.315948188811924,1.1190148530618054
-2.3855551257239287,0.03163985656631674
-2.020379728569254,-1.1794270361335926
-0.05015463327917147,-3.2453127204349985
2.7032318513971054,-0.20612752709174975
-0.15423835650006934,-1.4255780808526102
1.8149059556256584,1.50350904789947
2.173017815855641,3.4187392355533683
1.012006704778221,-3.4599721491659974
-1.0024208686598737,4.882711248119168
0.6330468490596277,-2.491827364882651
-0.9671636972020472,-3.846406049291685
0.4908043553199952,-3.1405312439464685
-2.4076124630266245,-1.831035111604181
-1.8961109707431276,-1.2056433558064819
1.5343762890275332,-0.49866675380681613
-0.4564619864001156,-5.06504271233381
1.2643958005679892,0.5646787020511645
-0.8830713103415226,-3.6946454948816836
-1.6616380385232388,-3.176875347630175
-1.7244827397434548,-1.98526798027852
-2.2960957700344395,-2.181469912393925
-0.4865960228042253,-1.5557213350614019
1.5305291339009957,3.6018617207376438
2.2437144726503995,3.156199907512103
-0.21018129005333674,-2.0478281513889014
-2.837538895147099,-2.7934652220446927
-0.9440914727777125,-1.5083974466094903
-2.466053792100684,-1.2433117856423093
3.3277395775072076,0.6146372903531423
-1.0289021741531243,3.0542132413486938
-1.2227976885700194,-2.660492901353982
1.1526414996962973,2.478319793198505
-0.9998900107525028,7.55599601512041
-1.3018091667896572,-1.230899071195563
0.14598454207647993,3.2388200437956627
-0.5406886003903268,-5.195205951554928
-1.7380930463717705,-2.477741712779904
0.7364768720963368,2.839338435947266
-0.9456469877148843,-4.141013515403736
3.42287239540366,-0.17556522987049172
0.13614953774091232,-2.778188154483625
0.05717136320365512,3.6770385617328794
-0.3325352009695115,2.3138510515255293
-1.928428870328728,-0.9477624177879287
2.060759347841934,0.7361516483201802
-4.128201539216747,0.19498511007474661
-1.8111640042953292,5.616324019850666
1.4206822442028115,1.7009317025162876
-1.5225473538951975,-3.00928817202524
-1.5983203268048785,-2.134025201734642
-0.98384570712907,-3.0653039405926004
1.6658272368444398,2.1630527358628457
1.6752207773158359,4.051269749592912
-1.547463448005241,-2.9087908727644094
0.7535401841529098,2.7554969488171372
1.4041183029491866,2.7141227844871936
-0.032746745993193827,4.917471598681824
-0.7717680754670613,-2.8680251317111054
-0.25851480034865126,-2.2147679775858635
1.7650526128222483,-4.355655263075355
0.32010778515959437,-2.204354918033671
0.8136012030876183,4.541083186709704
0.6115505385991573,1.8152351037949148
0.7788512508073799,3.3924621305384655
0.8330243255082194,3.1870415711620335
-0.7841683083420781,3.360717833073469
-2.145297742259787,-3.596825702125386
-0.23634737294930397,3.921970895076643
0.10769559999854361,3.250933860783694
-2.4993218486128703,-1.46850617220781
-1.2747870871629652,2.3271241076653224
3.849109504473107,2.5087570654391635
5.470270169960156,0.7599051841736515
-1.3735647284430221,-4.326036441261606
-2.311969883117248,5.209884888709695
0.6893699002602318,3.956203552192809
-1.0851184709248223,3.708025074542735
1.2914489882749463,-4.016067503280757
-0.7511610914773821,4.847675941910705
0.16761661160604802,4.398503119670494
-1.6605478563196217,4.148198912843017
-0.3746348083237452,-1.4611731998644475
2.666303520828883,-0.044859667580196216
2.0255558498091726,2.3608758065351427
0.6166877216314177,-1.6826903417173145
-0.7779523488915191,-3.022456316452119
-2.135309353646167,-1.1847214284956724
-1.0247554978049496,2.849467039253039
-0.6364904030702973,-3.0506588792171825
-0.31397351587802724,-3.4018958853485985
1.717381107361601,2.4707530881632116
1.036063880912205,4.833975273655192
-0.686529036872545,-2.528591469173567
-1.5846052295362858,-2.760126475574366
-3.8739077206829196,-1.8444471263734465
0.5418238732843927,1.8524516962356745
-1.9267905084437578,-1.7086959763649139
0.4300411673680925,1.8754805172611797
1.258744039341929,4.150381741397986
2.083939290844829,-4.982192036349144
-0.22541410732248945,-1.792784207089426
1.1737937339237754,0.9653236694062082
0.9595011794996875,2.3813929119646606
0.817962446816908,2.408893258019609
0.6969643923794377,-4.996896197419485
-2.54308070010357,-0.3704808776156616
0.12474090886485556,2.3764467233784807
-2.527302289969188,-2.675958548558458
0.041148946431542766,2.0502072937948195
0.4357439811680175,-2.898885431707034
0.8106402293947674,-2.3079589234392635
2.031412794679728,2.398970967254494
0.5469071609207429,2.3538148032205988
0.34774450038646365,-1.6171860384959373
-1.2990209845313618,-1.5493979347151279
2.360055495044816,2.1906663131174997
5.664419783196857,-0.163818684161936
0.3624745756780243,-4.203713229620828
-0.7369923774187612,-1.6953453280564381
1.8930624606574074,0.9580015086420828
2.37674848330541,1.2872461288885717
-4.298554318301277,-1.1775412665801699
-2.403030465896946,-1.0819575792478657
-0.2715099446525986,2.6459212407659685
-0.3157391912088867,-1.8225234517139408
-0.08713033266345072,3.1093875766698775
-1.0303762624200812,1.067861410098426
0.14409463763257735,-3.7311008569059227
-0.3909947141115888,2.681576039092797
-0.8330976671456476,2.194183428290586
-2.0903296979816597,-0.6541674659923009
1.1688344439331038,2.8963219858885223
2.5996647409590077,2.9502139790828115
-0.7466286043717074,-2.037419225998385
2.061959775695375,4.189670227078864
-0.05307452116983491,3.6499971694989792
2.4013061793430497,2.866998137574872
-1.5444959024872258,0.3521161439231859
