-2.047585094180375,1.1013840680453988
-2.356936913344122,-0.9576323369208365
3.370761628625897,6.277065482030633
-2.3115823224292202,3.23753930132504
-0.934593719435423,-1.3076746153444945
1.4316972584985366,-0.21972584432160935
5.886390854396563,-3.2875607864566043
1.0247219873185296,-1.3610634917888982
3.1785039398172854,-2.859115527107222
2.9748706668958946,5.324291562279971
-0.6170168688234596,2.412893585308981
3.8748322191946176,4.8998149026374795
-3.3735160169526743,2.6320498108656265
2.783881037898072,3.593866192878891
2.0642431609768934,6.060918192641889
-2.989673541453165,-5.340761575685086
-1.3317608442831743,-4.542793423792979
5.616255472535203,-2.8156656738709445
2.4210563217534986,-2.284449457811536
1.6338501952607052,0.5003651272087581
-1.6105223663866308,2.23287575432654
0.4215678971244934,0.863114470580495
3.104340387558584,-1.0639079334286472
3.4077749769999226,-2.789020113818972
0.276717592973979,0.2447579300308666
-1.4119466765670055,-5.854029972402583
2.8789385298565393,5.847993398117195
-2.1964163828693044,3.0894105052332304
2.2240123431833876,0.7078070062202766
3.520187409928054,5.76241906242991
-2.0243127462007076,3.72644439301029
1.8636015005937874,5.069124125290198
-1.5446489125679523,-3.269614287329912
-2.375839405060533,-6.116215356189669
-2.949149180325399,-6.145849152794831
-2.1490351503123497,-0.8716828466603128
5.023189152627352,-6.124706857123409
-2.136891023548058,-4.578860367968924
2.149876021925235,5.052975386042354
-0.11235883738823693,3.619869344516663
2.819066499945421,6.017694843353214
5.91781598298039,-1.3709543055910338
2.6830409660325203,5.154639082438263
1.8658187231952192,-2.821778461082091
-3.5372946264505223,-5.178641974040183
-2.0373573740840767,-6.337357132128883
3.025156915558639,-3.6580265920127615
0.03460884918164109,0.26086626488532916
3.5885429245714526,5.314625424053724
1.1163964235479562,5.555380601365466
0.7802335193648986,-2.91927042685191
-2.786073413186125,3.576620549257457
0.5218940021257799,3.321967515551786
1.606632176592778,0.3912544633448845
4.754413589501501,-3.8940478019722753
3.342073647720289,4.880513860276492
-1.0592974247220297,-3.9744969867934
-0.0664419919640733,2.257356907589737
-0.54442498044906,-0.49487306029877
2.9750117752667915,6.85928952258873
0.3884192261746321,0.8245519163925029
4.056229832338225,-1.4483897844062814
-0.10298408110568746,-0.49939175259296115
4.691828308498298,-3.682090654574658
1.1674054933879563,1.3594399238727175
0.9424550406885494,-1.2163177450288056
1.690590977608157,4.1056786279649895
0.13929294833898986,0.8581160825220336
-0.09653711311252611,-0.04056167582119451
-0.2177346246903582,0.4370222548817639
-1.147789322716243,-4.864026554431919
-3.7264651781926643,-4.932467755917707
2.8681529368710406,-0.3372675699744764
2.2605302984430553,4.322166287448841
-1.8177170134369516,-5.207848910341928
1.6498287065206023,0.6774536544503333
-0.05237854951691112,-0.8013745318952369
2.784262616832752,-0.7982655925379213
2.7720340194231285,-3.3829016284172257
-3.691158218937347,5.812857469111274
4.194616763132028,-2.08716660198521
1.5896163754845358,6.034850390280692
-3.309807712004837,-5.626179820113593
-0.7268167428760797,0.04067694337965209
-0.8037705811798339,-4.400597274996828
-0.40734245783058354,1.561168275384445
1.4273512090169895,5.011751123194708
0.8892104817206361,0.04594838969800233
-0.17576153722035492,2.908966338840223
-1.5576790528960123,1.856170625287296
1.699861276169536,1.0812924659372432
-1.4605355269769176,-5.058541710251987
-2.961113975714655,-4.768934931853417
0.5670174541337071,1.7463246832844768
-2.0085524609641823,-5.890687863194909
0.1098242692932706,1.4637918718419078
-0.1615179632339252,0.5511695862751658
2.0505231712845853,4.440373848219657
1.7254413484462674,4.040961913686774
1.192573164212913,1.703609419304733
1.2317815955740172,0.6618248417439292
-1.0386929921243646,0.242132699883207
2.84708017381725,5.439881867547194
-0.9210790543015714,1.4957989082282408
0.7300423606537558,4.247171518116497
0.8351811131279661,4.172561374830926
1.7542848329373553,-0.13314777654004495
-1.0693400939921056,-3.991305241586994
4.211333203440683,-0.9039963630727238
3.7786739575477046,-0.10763081138694147
2.614601509961671,6.407079925725798
-4.710718783244146,-6.193764095200701
-3.531814409828459,-4.6068601623605145
-1.8280377734665154,-4.742277975660856
1.2633864809026292,0.3165279216295246
1.731795881517023,0.5086834086961229
-1.411259295830226,-3.4680396778853586
-0.4105139144508385,0.7312308652456428
-3.1666994015887466,-5.210255588856588
0.8475362632115995,5.4727043549071395
-2.4892199345375134,-3.385451380757925
4.195056479733358,-2.4439874452104435
0.010800602953945027,0.6783954655577261
3.189850636153221,6.241191976949185
4.06285601684607,6.356164103355102
-0.6948535805653429,0.9627472733829648
-3.7386481423430036,4.3956089072374995
6.079037300690738,-4.048372102279108
-0.817537995774986,-0.2764524007574028
2.845716468582343,-2.1209630947777987
0.019312229420362148,2.2493041524155233
-2.4382703735199516,1.685015985426198
6.469070960139016,-6.1015540239901505
2.1892031304583526,-0.26739068853849207
-1.8747835967145934,-4.825264859980186
1.9666973336350075,5.008368044846159
0.6556244844871923,-0.7652394633268685
2.7643265735973026,5.2329088227976985
-0.01350132454665487,1.375761689166897
6.284658259761523,-1.7517930539863416
2.199122444158824,4.800610297226149
3.781218555474908,-3.101336164312566
2.857518312942137,5.75274832796998
0.21138817237263385,4.288907156008508
1.9224151297982974,4.773657837015049
2.3439752253390598,4.746699883798504
-1.202077821751941,-4.222091771331745
3.391037982398938,-0.03964040844486758
-2.2436068137176197,-6.305353712271012
0.8966754539906633,-2.9724420493080492
2.080788058514762,3.4098658013277516
2.934042336076932,6.3959508475828155
-1.375198509925779,-5.314903556793119
-4.022478048648299,-6.3080317077933765
0.46923282635336583,-0.39019532263756396
2.9254182688101587,5.865025217553233
0.7278663998499311,-1.8814997970071559
7.337009224070614,-4.481918332865788
-0.8916749689663446,-3.8440573570038157
-2.254428661753903,-5.250080180766449
-1.318148296906776,-3.818539607022645
-3.1278451807343486,-5.134229785646406
2.187017358237461,-1.182343700762836
0.7178757156357999,-0.9026619560776238
-1.8043662119628618,3.1158106264585155
2.460309827895902,-0.23401793806180798
-1.2640733088150782,0.3068204755503629
2.5177380429442775,3.926023369596252
0.6044431028434578,0.7847882362365686
-2.5905188647479616,-5.725076799869523
3.383498402959214,-1.1124234738414234
4.273554975294574,-2.8594001279943413
1.9921729215508188,4.330526703908302
-0.49521181805776604,4.347562197092405
4.79277898880829,-2.415375778747676
2.459380438587446,4.451485742224714
1.2312251378705317,-0.4433701595374722
1.1692032772235257,5.765039130134276
-1.68637983446724,-5.391095312593961
-3.549412467502446,-6.139216624966388
-0.9974474324801681,-0.9277929778656004
1.8498511013525107,4.6398047447040165
3.436149465319196,5.743067562756897
1.8624153360065474,-3.274564710173842
4.002984076948941,-4.1750899498989265
-1.5493650821013432,-3.9951464487807407
-2.935578567098961,-6.494457432231352
-2.8945497818464823,-4.99132953632375
3.6989196232814545,5.524624117173192
1.3104692289337438,5.369970999628534
2.4660421830121795,3.595051413794148
1.3803677570849402,-2.8305969024892237
-2.1496040054413705,2.516964015848307
2.5241757078383014,6.079564515933283
2.931364066541322,1.2036391905087258
1.723651515830039,-2.2184060325707207
3.5550982857886733,-2.9413030441132197
2.613533750594678,-1.1816183083668856
3.9062583620038334,7.610443762577225
1.9864933532568418,-1.943997279692917
-2.9773362302920963,-5.4665960965507
0.8627435876052061,5.143195026779403
1.3784515009797098,0.1633729958718118
1.06574140553213,3.489832294450157
1.2846962130537523,1.3103416906468666
-1.36502177020087,-3.7484469194726118
-1.9576165623623116,3.3715624490098954
0.25003466185643475,0.5661566431302495
0.4726839563041483,-0.27946628450840755
2.549709112459012,4.760181229354586
2.0273784999975364,5.118541385090362
3.655383512388587,6.215063059091731
2.103933689698429,4.826793110044619
2.0098218236277106,5.656914749157708
2.615981773417878,-0.47674792322037896
-2.6433677293171405,-3.052575287876148
-0.487097436555461,2.324949801536765
-2.54932401580753,-5.856476094927498
3.3765703798994933,5.361773318504849
3.900126247100145,-0.23022919830967226
-2.662830784432266,-4.288189193597691
-2.0524707952863213,-4.823455444818177
0.5403459005373034,0.9344253284854204
1.9482511787700816,5.00864784435725
1.4480010805798067,3.82582853755373
-0.7969365122617544,-3.861246380892375
3.4634955713853994,4.784279941686289
1.1512768554505934,-0.2764196373078651
-1.9694149784210517,-3.9703575440173156
1.6409947944584153,4.522466840522214
-2.673031070161282,-3.404655049170746
-2.5884362209899123,-5.2484397479013225
-4.94420488969846,-7.2130292338033115
0.2723777216363521,-3.66779760914199
-1.762287428474581,-4.999608931871303
5.520627402644837,5.893508807577735
-0.5557197274107626,-3.671542983297054
3.258441205940961,-2.71207022503538
1.250266753192741,-1.0319291597872962
2.1533318443938536,-2.533013889604902
2.2613853648816904,-0.7315561165337381
3.3994715742250547,-0.5356846016848178
2.7143601419312438,-0.48955450937892686
-2.73244690921534,-4.012385551353561
0.14574204823614245,4.216717288374735
1.5359731460752666,-2.456505566513448
-0.28059751666548327,1.5107928156171126
-0.5689642847864986,-4.537853211392133
-0.7344410097893126,-3.3420274159332273
-3.5709313965735126,2.9654932440372592
1.0264289928642243,4.68032552215737
1.8109871607794363,0.9563865724760564
3.8550657271334363,-0.7560037492289898
-2.2165799280665075,-6.989462658106441
2.603324042819597,4.65077264564646
-3.3930872596020163,-5.521646562558568
4.322384298249405,-3.2857117091021357
3.5619081170618485,-4.79511217463848
1.667690820467901,4.561223241611571
1.629117831102425,-1.2967854794213962
-1.9277970197991232,1.3373473313980282
0.08855753678790657,-0.05437301784223739
3.3855648924022983,4.53815334822689
7.1183459443053705,-8.082007939433545
-2.131360808357175,1.4175262435203464
1.7207471029313581,4.979554476127681
-1.4822395553355774,-4.077445252670654
-1.5051120290611144,1.6964227716690765
-2.854016645632421,-4.967887678375969
1.4649872768750305,-0.4826875221962574
-4.164867569363132,3.6173801902920313
-1.5781979312713164,0.9868454251571545
-2.553789674524384,-5.201341242024569
-1.4037757711033214,-3.921872652276265
-2.507031731204043,-4.176763153481219
-0.14201510315904753,0.021214358394723788
-0.5572899495844699,-5.268890884637744
3.3058262155270928,-2.4998394304224236
2.7458861771072307,5.276479195692272
4.07036453099404,-3.827798496270937
0.7388762068906898,5.056652454615629
2.483206588509235,5.450343540552601
-2.3350263854038427,2.943766642406661
2.4896427845151523,5.7616244201577045
2.711033563335226,-0.37933324333018986
5.003708850182442,-1.9393168228758266
2.655249886645169,6.594986756035379
2.895374686059022,0.20946851821693369
-1.2077741317779158,-3.610486886215293
1.2241100530548419,5.064640826424237
3.0740642761014207,4.469746743166914
-1.4651820564402076,4.207621266447209
-1.9348031394939218,-5.536531850192129
4.263544957080765,6.502382238266723
1.124001703655025,3.443761063725143
1.0928766305851172,5.788264872295085
-0.24676165418338014,-4.114940412912308
3.9068973919766092,6.481645044661712
-1.0107856747708657,-3.1679806697671626
0.09974829273914732,1.5328798687299867
-0.2649724604267938,0.8832521716870985
-0.7255307358759544,0.894648524563625
0.33867956965606716,-0.30406490053063423
-3.5628681730152794,-4.671476200331287
-1.7575231571944574,-3.331877337240975
-1.9140517215152504,-4.486202313255855
3.0350033162814305,4.997636695643156
2.0334861686879133,-2.091292535890285
2.7269822508543307,5.795461149618601
1.9405036259215023,-0.30568643931583195
1.5218417170019878,0.16050025021214182
1.325128122443088,-1.7837814094552504
1.6123389895630722,3.761996786769142
0.7419397719986929,3.1589179181037608
-0.5102907193460058,0.7520560642851088
1.3711732502232448,-1.0469365474323051
2.7269880958021755,-0.4889239604810822
-1.4710622954822177,-5.578923156632464
-4.242957618171041,5.86600807618082
2.290361271241637,0.9097514295321913
-1.2774072701301389,-0.6044724897038639
3.4078944748936184,-0.7079479300348233
3.238701625088498,-3.0738180219623175
3.106591684689628,-0.5140806938527952
-1.8113796147916577,-3.8358947855788346
2.7305058926738828,0.13109473834405364
-0.5753355123565131,-0.6160836186885604
2.0089736044516195,1.325025964023156
2.6541597969658306,-1.7507217116150509
1.8470485857823762,-1.879178085654438
-0.1154887831665179,-1.495792939404779
2.4264377399860653,-1.7215633343656698
2.073196258292991,-1.9680422623644709
1.3374201530739098,1.5047396952608871
2.3454966015747125,-0.7916700785598118
-2.061916522182664,0.09017048224193923
-1.5512693851328374,-5.110582240743038
-2.0730799940973,-3.0932299095632985
-0.09331864682931434,0.02742379435654569
-0.9881097751285901,-3.980009489759138
2.459419692401216,3.5876951150120444
1.6029932281211594,-0.7636154970162944
0.6307013222975109,-3.1825781366759767
-0.436702874710696,1.012993321768313
-5.603983191654381,4.724646574602877
2.3402423808483315,4.5818924877816265
3.7257032543756075,5.912775723555995
-2.205739027620959,-5.602899022729785
0.840567106315408,1.1966819405045435
0.24698021197917164,2.674920179309002
3.0523203727885733,-3.768480981495787
3.4381772111175435,7.069980496410848
0.8854150068132172,3.524181605485876
-3.046998725004297,-5.640081212705239
-2.061409915906941,-4.660895207951793
2.133734701739381,-0.3867226140136748
-0.3918254658445164,-2.610507382327462
1.52994753168508,4.328222909242932
4.2508579553308214,0.3530316740530274
2.1374935619495687,5.275439782669106
-2.1242848575496605,1.650170178229933
-2.577269459871209,-3.7745319094780183
-0.5961852097348757,-3.11187416102167
2.6940786877247347,4.685252434799641
3.0031976886893395,4.262345660416495
-1.3784168353400261,2.1801325369921676
4.6156974244788636,6.148145480802903
2.281842087016326,5.228679417216153
0.6013300072233245,-0.2668077314319137
-2.686539627304935,-5.592382630338804
-0.44518262654909346,0.8189701979852
4.124116797587178,6.463802980095387
-3.706707199461607,-6.833363351394846
-3.5755376455168864,-4.930115881763047
-2.3853968556353466,-3.995362311252089
3.011333157283318,5.802093813002166
-0.4128565871348342,-3.9842148437514746
2.6118059989390323,-1.3919175669338264
-2.230894110043673,-3.1413658136924627
-3.113884435909572,-5.144952918705809
4.024000914133272,-0.6109009384847305
-1.2707488398684519,3.7201797505179504
2.174652085591621,5.8549630634195715
-2.1663089655159604,-3.81338890996928
3.733251918949016,-3.0942776767013416
-0.4581252059674734,1.992931543689518
-2.192669466755876,-1.9050116504476589
2.888164584004365,5.319389828296412
3.081633836971976,4.30105266881404
-0.6084606612810639,1.2343440387046944
-1.1508094201249253,-2.9407026152035822
2.071769652997336,4.6450472743498805
5.276257133618216,-4.658287449792585
1.2698062701652977,0.4558633518304446
2.6843242901277264,-1.2563242408109307
1.951463765326219,5.38418757733199
-1.8654447634226472,-4.443734274350359
-2.569924342574511,1.5748153333689394
-1.7858120224350793,-4.237355807189088
-1.198933916175386,1.9247999637123487
2.751807751066171,3.3633877310555276
2.069256665492441,5.44564965626092
-2.724321309738659,-4.6348620770773605
-2.9565465485639186,-4.109876177227837
3.0822909792530355,4.582452147997249
-1.418476146185311,-1.5431349608334952
-2.5366753833976587,-4.489049758061378
2.7065798136242245,0.7347459903647725
-1.4256000146988153,-4.009031004316755
-0.7893102936347858,1.8196153724714357
-2.6757248659702872,-6.394825607426567
-1.2769433251165827,1.6265755430989635
2.1647714178736095,0.020223815338461435
2.217606069360683,0.5954028959118008
-3.2394875932971825,-4.353472948697428
2.7222738752155813,5.150426571750395
1.4926812924998152,-2.408709224154434
1.4659156392960035,-0.6669156742765203
2.6346570337830393,4.83476105794709
-0.7638183249107848,1.937039954534071
0.15425323671529156,4.823875795374455
-2.2021342118672798,3.27591179277965
-0.723059315370925,-4.663775806172078
-1.088023918146256,-5.502598246058195
0.9318526125872956,1.1066516422488522
-2.2077319612954915,-5.19375042265015
4.06250941297966,-3.418943965716524
0.16904629295867313,-0.3925218962945714
-1.0398263903287295,-2.2871512873211324
3.576811599416397,-1.8399111875697112
1.0987798897186105,0.8838776467534024
-0.17314436764716534,-3.8878870567769845
-2.532420616772619,-5.978122440395795
-0.7996279235616732,-5.219584393280863
1.2934617928675363,0.8537572465461145
3.6866481670248925,4.1548543835638965
-2.5480266824107627,-4.211909638038007
0.3193124473759481,0.43752422212919817
1.7701235182757236,-0.30300159176685887
2.2880552141787045,6.089851674665077
-0.1379531686272475,0.17895687160299154
-0.9272113994784767,-2.737880711723502
-1.198341948092176,2.1952194905034204
-1.2662692372356408,-4.879907518227839
-2.0326273404457793,-4.88875980007236
1.8459118050537917,-0.21567920140983649
-4.790658413792994,3.6734582686299784
2.178791791758646,-0.9739325814739855
1.5990856444242638,1.536347808074982
-1.7060581628053546,1.8657757159738366
-1.0857963390588865,-4.939150756073079
-1.3274749765318647,-4.501146592723383
1.7128092305267653,0.9699752146239689
-2.998175233306412,-6.204117680971589
2.387964666756564,-1.5191249465654322
-2.0972739974195784,-2.8417482180253186
-1.6494969207919277,3.32482307872626
2.3047284106881873,-1.493826906984361
-3.236567274232509,-4.327070693935011
-0.8443042456118031,-3.465469831076472
-1.4465243585060326,2.8986749491073396
0.5332283261858044,0.16956963216247037
-1.6980470099102964,-6.16848780379801
1.8069483884366062,4.3866468156805825
2.925602937759802,5.208934525800671
1.1396023578953687,-2.5265356956055145
-1.544098836185861,-4.7856366459949
-1.651879136530824,2.92977931027327
2.549019479614289,4.524413379932956
4.451003741630073,6.604814258980465
-2.62509284997528,-6.124565390519997
5.074821425792224,-4.016926749874888
-2.1990862427890043,-4.869197615977064
2.4984436559645995,1.3382014982015826
2.225441373867526,4.238908687463991
2.9380934727227292,5.181689470468441
0.25439897247983767,-2.7919652279845737
3.971812349875077,-0.3544430615067612
1.8754154309382463,-2.027469955830714
-3.303504306553244,-5.115617561914522
1.8586016468723643,-2.111889301441824
1.432196249847646,4.322498819200297
-0.4693067647065454,3.1350930800360985
0.2226775930785193,2.4075387762862808
1.520716365146602,-0.8292581153906673
-1.5102940477904325,0.2533859255638896
-1.0211283803106976,-3.238903341413505
-1.9708672253556232,1.8911218878195637
0.8191908703456275,0.07948192731394546
2.746835926284285,0.6510939438378958
-0.6721431383109386,0.9476183198411882
4.26994195194477,-2.6107874598653904
2.6254839128750307,1.051954307735269
-5.518576361905843,5.415961019661102
-0.4210995308859413,0.4994014444387858
0.8326789869484129,1.7213832875360333
1.8305331351775471,3.1906831805586595
-2.388732211181643,-5.038362656647657
-4.236984749876702,-7.1743381145570915
5.552151616849552,-2.841281131787832
-1.5029531081873773,-4.82987191616688
-0.18916009376810639,1.088482154460921
3.3210641602003452,5.914129896231742
0.9469682766897689,4.635142982425486
-3.462974413453962,-5.127482324469489
-1.6989274446231797,-5.135945420676622
-2.7471796810765254,-5.250489679945727
-0.5182868812248029,0.07958283159223234
2.6114527998349626,-2.10858442673418
-2.4589603909109945,-2.8190607609704266
5.075721887662602,-0.26668233735564806
-0.7550818989717087,0.9436315591376814
1.1835775759354676,1.051615242510604
1.5035933124872445,2.6744119141762366
2.1402421993259235,0.7604476005035553
1.5501041541723568,0.7725858177929007
-0.3941009076927038,1.4721128219665676
1.599114283352489,1.262019841963201
2.0207247443542253,5.091661667709765
2.270792217882452,-1.126558760043183
0.23847108335971023,1.9437445575644323
5.242185368855317,7.814615822811067
-1.1064194476268945,-4.056190097862709
3.266698365362216,3.5936748869811312
1.3336244644281472,5.354807456324428
-0.8899538297322496,2.7166056813614428
-1.9304475977284756,-6.287845645774073
1.0085616567322728,3.6693922055599275
4.116809050278356,-3.646951175399465
-2.57172240982499,7.843535055619125
-1.1891456117239918,2.7547222733424843
-1.1594277866181992,-3.543925082244277
-0.3001976063986387,1.222647243347978
0.4584960368492126,1.2826876051534812
-0.8741780034090174,2.35662425397217
-0.7680416880118786,-4.515522999750063
4.091472168829758,-2.7285099730929874
3.0021193247685165,6.51592467151305
1.1886788078314576,4.115658059144059
3.2857523877138055,5.090990125356818
-1.616476713658939,-4.469508096199866
-2.2196912184475,-5.477360387606864
-3.030529922546644,4.552250586200686
-0.41008022842309355,2.8110121607801952
-3.606413037990339,-4.789003272525975
1.0565516675625628,-1.8534413289011977
2.62109998541436,6.543080473025516
0.96303851749562,0.7153552248324555
1.6394965968829234,1.1038582751216492
3.68597174630991,6.0176600735015295
-1.2582280921526738,-0.023090078951461267
2.780785644044296,-0.11332669818524599
1.5782168093940974,-0.1717891325174325
1.0662447567243167,-0.045336308942438265
1.6258772833742094,4.624232528484024
-1.5321186508464937,2.4822551300000963
-0.642610669006378,0.20050286240165194
3.6120662838716573,-1.1529548396581126
-1.6334626342109542,-4.270037913498839
2.186482789097143,4.938041153165191
3.77328036519622,-3.54988772002076
-1.8207402238809918,-6.053979353412368
2.3141258267775635,1.6333485314142664
-1.9073436176032095,3.783759656699825
-0.23730397008791249,-3.701824320470534
-3.3471808074763167,-3.238697261879466
4.197132504114527,-1.4682774194525603
-3.583671368524758,-4.088813867908322
-2.156181074966663,1.6712635161728586
1.5416568517055858,-0.41003781471047823
1.6316600795733613,5.054975583195036
1.9556892691421972,6.667232335167848
3.1577577419321177,5.227898130765881
-2.2630371393083846,-5.0517632851341165
3.9481782606682363,5.279155505882827
3.4175173782111243,4.987079813799794
4.192936495044121,-2.702615130167742
-2.195305854673789,-6.508201904922187
3.168104210078719,6.799164840049821
-2.192782043899536,-5.47395430887953
-1.5687055159537584,4.089834301314382
2.636293541381014,-2.051663790527323
2.7952742093140657,-1.7527338365875955
3.3828670628251594,5.243641338177783
2.9722978267675275,-2.7187063043343884
3.933148008190457,-3.170439170977852
1.7970567228280867,4.167082861994462
-0.1502270882179284,-1.3176154622549912
-1.5184659773183538,-4.744752510550245
2.7942217838644314,4.526327077980588
4.547360303005025,-1.3777864606537291
0.7159921680343011,-0.1867346272502649
3.770983418444742,5.351711924232685
-0.28206973346487696,0.20946039186411627
8.450956205750714,-5.692218472950375
2.9375529793711004,5.393217904254422
1.317838717263243,0.09619447683382823
2.499663742029194,-0.5638895682303162
0.9448285768740745,-0.6264294304496495
1.8338252645116313,1.834089723678947
2.7664797127718095,5.724736598873925
0.8155120437514712,-0.2679239422669903
-1.1492677965646683,-4.230429938908508
2.8046301792184414,-4.427657373099876
2.6805848201190754,-1.8223037427724262
2.5125640000739984,4.010566928995182
2.102827923873642,3.7758159655313284
-1.8776391883618135,-4.458098662438279
1.4449721825273507,4.6020019707074376
-2.1699385326898213,-4.366691873110768
1.5096766530893786,5.5578766201918235
0.8333652554802573,0.3879597840951689
-1.207136610340542,-4.777131662858597
0.13545980469386887,-0.4863596877644737
-0.9150576086014475,0.9122961532577804
-0.172493089791667,2.415196566468674
1.78447743279219,-0.10000965189804656
1.1610980513076963,-2.210024682891406
3.5814779284358744,5.550231983207735
-0.9750891774094934,-3.6462760054739425
0.3440541320178867,0.8164081638902001
-0.6191729639458718,-4.112867054203128
2.442089826957777,2.3736048972068646
2.4245449270367336,-0.40872469640679443
-0.5425771943736668,-5.872186858305063
2.024803302114986,-0.1778169353286429
-2.3801336262559167,-3.9102146590882936
-2.3312571171744683,-5.156789537543201
0.6502614796398285,3.299006018844241
0.13356604719256193,4.278188847008035
-0.648573153753291,1.4291692731363546
2.719374208872164,-1.7200149785480865
-0.9375496368233986,2.22886883011162
0.9887579149182002,1.0102838890831074
1.2805395249436216,-0.37956322288749034
0.7905732485890883,0.9538740708009358
-2.2477891595481445,-5.563775672089335
3.2135734945710333,4.714384251916602
2.4846950932910956,4.80217386865772
-1.8305415775363345,-4.543302777609571
1.2445861681965982,1.1472502549319592
3.9777491474471542,-2.9359882509065276
1.2558935051285054,-0.9350050868014753
3.414113311530697,5.626435604146882
-4.078162787143549,-6.033963563196438
5.836132961382437,-3.9747204433756105
-2.2867343247300065,-4.077930295752085
1.6394605097286,0.3372215887314968
-1.9632687571327436,-4.437044868288018
-1.9646867091225777,-5.120321164280394
-3.334817684925051,1.6021658937193781
-1.2654266045516644,0.5917218483868371
1.610085427505179,-1.5168488627649432
1.9878448464376373,-2.2786381008174157
-1.5413871856962627,4.130052311980169
0.07425379745266703,0.7024176144555024
4.256417498068382,3.784993046231382
2.9905814729198483,-2.1225783839079866
-2.220656693111753,-4.94247394605047
2.988041111436316,-3.5453409881989746
2.591712412303374,-1.6141286667559458
-2.163217320001195,-4.389667504529831
-2.7130330730032233,-4.877345615186437
0.2057127062676255,0.2508858905546648
2.5413199313077763,0.7367325896705437
4.306619011054306,4.106233947593648
-2.538255589545126,-7.1487202179162015
2.2281785877771614,6.540845676360412
-0.4306949777762985,3.072363247682127
-0.512592013858421,2.7576624040492685
1.7223868816977832,5.323456844539994
-0.9316095117718004,0.39086188966610746
0.07213184408896711,2.163182966503758
-2.3284856483078316,-4.013049369360498
2.9796959802710568,6.104390426552753
1.1722324997586986,0.8493715587303033
-2.7873713369577473,-5.198248721736434
-1.2686244631440418,2.4981217631139816
3.979348664850603,5.6688200678277045
2.98535904809522,-1.3889058329336592
-0.5266583256679189,1.6463497581410051
6.408721344411259,-4.6385767099698745
2.005452970122373,6.309016681051132
-1.4849021314037705,1.6966445080037449
-3.0854248403345608,-5.956751837197455
1.151371466326929,0.46988178486700255
2.2737673286785887,-1.5650365579081178
-3.738942734263195,5.673617314464075
-1.4453153211103467,-4.9524743451402715
1.7661058885773384,3.2369918475510224
4.037747990297728,4.9254456922906815
1.5279826220409776,1.0808666945364256
0.9388183787987965,4.278359794633883
-1.2828727417424264,1.2341822480902276
4.119204163102452,-5.68454729073804
3.1297963646313494,-0.6813086478730234
-2.589189991926851,-4.27237776990515
-1.2173567606993925,-3.354857273156765
-0.22933308584063727,1.661516913500399
2.205690711154978,5.2574793828717
1.994059869549195,-1.8290384517711185
4.873694272390388,-5.669834934919269
-2.5377234439895213,-4.736490089576751
1.9406978659831735,4.561829204859574
2.2739406860083555,5.655069925889567
-3.1237484253395857,-5.305525073274212
0.8365410742283436,-0.710328184755923
-2.5496193973385575,-4.548095188318641
-0.4859280992519903,-3.0861432666540596
1.1387887044667402,-0.7005050010055105
1.6472537139196703,0.06862168009987085
2.8686994521003117,-1.33165318507708
-2.9288392272613004,-4.849856228039839
2.055632209521316,-0.9970228985918467
-1.104440130083772,3.321454821801955
-3.560447421979869,-4.694185535947473
2.5037774496046854,-0.41661306695252004
-1.5181885990496835,-3.1582233391774404
-3.46743412869853,-6.8325651742470335
2.1185821530766624,4.857704553476606
-1.243989787816019,3.029674387745375
-3.094989116604732,3.59455716569097
-2.7442688252493306,1.315080889848865
4.12283567233393,4.45089855835036
0.9617905676705398,3.5571947717440864
-2.0223430819658716,-2.5462843523914405
-2.3460144457174588,1.1795914479082583
2.7299572176740234,5.008112951274453
1.4781727174567492,3.3559197551282693
-1.5530996161251296,-5.556500325861263
1.6324145087179502,6.0678622072321655
-1.0150411202810021,-0.2939552293984682
1.1235127924347383,0.2767640771733278
-1.315384264578833,3.0042432240562067
-1.6209052181388401,-4.087402054697355
0.3916844094328904,-2.4180189559740795
-1.3530596499717267,-0.9417783901017246
3.131454834037423,5.590131070198297
0.5730328179009219,-1.1046573592999522
-0.21312824381910134,1.1285083187136242
0.9921396053335569,4.558772373992385
2.339284647613627,4.363193816937884
-2.1003374503735324,-4.659273840498096
2.7208294649756017,5.779201101816714
1.1607760919437358,0.01913032989089037
1.4816366526673697,-1.1958004989656212
0.3451831468287683,3.0057963325210753
-0.6223229914551867,1.638385210965189
0.9292670641915353,4.087569490449711
1.8806911057352953,4.647866968035819
0.7447243212891634,-1.528995602785405
3.414669255573669,-2.013999256945735
2.612653160791676,-2.8631978502737363
-5.07100690663937,-6.698965348682883
3.4570327928523152,-2.4782371586220258
3.787339870613813,-0.5599451215815378
0.5513057845599604,-0.5617623330854329
1.417053153734209,-1.3111923979520868
-0.6613260389690694,1.4517741535428248
-1.7701221483168776,1.091345216905139
2.1191245709423923,-0.20893317159380168
2.6291008512551466,-2.4504519795457176
-2.1090397549667643,-3.972062640858831
-1.565249733578458,1.0044822349713483
-3.4662015755532884,2.4369039400855868
2.126435850073377,-2.393303432367539
-2.3792235672649404,4.809673161650867
-2.196404160776649,-4.224863934876131
-2.7130627689658113,-4.669394596428442
-0.8128333429332273,1.164447456814617
-2.6073865562598475,3.51301848999165
3.760043682913379,-1.8261767008075034
4.742428352415841,7.080611447748245
-1.0017148211707285,-0.3349865033330885
1.2175394067905616,4.32755237241434
-1.4373217835115364,0.4716583834353324
3.9035786046949434,6.293390454416364
3.197678735703391,-3.326648299267353
1.5819474098981392,5.063503767881956
0.48788967885712387,-3.0438987968427744
3.5949447288861154,5.561857847038365
1.7698103692757539,-0.5605288073353578
-1.7354098057017442,-5.5934953227840065
-2.109195652339924,3.833850852268533
-1.063263465221422,1.7929862934286613
1.181479650056443,-0.255430105305468
3.0363206516200494,0.43465664816353416
1.2862796374446805,2.4225076643152454
-2.481363100890306,-4.300642347029726
5.219588795013117,-4.410562358309772
2.407110029841904,5.110475736069111
2.443898902009751,4.129278261985319
-3.3412061190448554,4.458434701347038
-2.635394400332693,1.4828415379761477
2.507050605114361,3.8040826147675797
-1.662523010196962,-3.299292541961593
1.2372005017160776,-0.7859556305081319
3.4489239973788663,-1.433541754481244
0.3911547165957625,3.7975239119263073
-0.02342556786720551,-0.9529002176277839
1.0053738614081353,-0.8494706240147243
0.599077781727446,-0.5026740562269972
3.8670743612535063,-3.339606360411532
-2.1603686622174463,-4.642601895164639
-0.7492289516480972,-0.10146633927879227
-0.9699642920320737,1.5345626510613557
-2.1505355987064285,-4.80173403808966
2.5282938609998857,-0.20189554503348675
2.109137301049114,-0.6991403384929734
-0.4150321504268879,2.0138626900424543
1.7650882974980155,-0.7036057998264501
4.368532126336275,-3.8994026268449633
0.6218590334964105,1.3389519490165185
0.0929802395712298,4.105091181970633
3.423003710515569,-2.7627347173815306
-1.000856795058957,2.545228180241107
1.2248474734015413,0.0004550534642586278
-5.762338851167106,-6.453409742017781
-2.1896737535423583,-5.670939924961236
-0.9200207502679378,-3.745917914584513
-0.35487786342910654,1.2485062645806626
-2.9295373446435384,6.099996526491108
0.9283649308544255,0.2997353784688583
2.3945304961180436,4.592206313795186
-1.7171574822026219,-3.2613336842129863
-2.5913040347288927,3.2093209350813696
4.518727296786038,-2.004041759810413
-5.990269932023295,4.480888896400827
-2.5351325127060553,-4.193540154180822
6.000711259373472,-4.268454393569816
3.776972151484591,5.70240288623488
2.4553932300281454,4.617092523151679
0.5003522503112052,0.6638820410143704
0.13880091562142427,-4.119743818920484
3.104513169196322,5.785732184506244
3.466555836130532,-2.7807928439094165
-0.3196542331886201,2.283921597099449
-0.07761716611098501,-1.5210817451147234
-1.2657007050776587,1.5160879478883131
1.697428376705599,5.645038043666645
-1.8489730516097975,-3.8345329093730256
2.46330917817077,5.538300788782354
-2.0986928147735027,-4.026554223050587
2.0609216620210553,-0.5449855328429103
0.3072080156051906,0.5243288167759208
2.501866531648668,5.190020100228498
-4.373760043877482,-6.172687720562029
2.5886431420396696,4.152287888257555
-0.11571178983819341,0.1953539084997078
3.2064537947737746,5.569637189419474
1.8649775739847165,5.579040978054138
-1.8197509811364334,-4.670361281951271
1.58843142188026,3.2360505961351618
0.6376097209743237,3.8985721504939006
-0.353566763201411,-0.18817085496414224
-2.0148004740332857,-5.826173210337313
-2.721759673636923,2.593314018359792
-0.20550096990011224,3.2117690290277756
1.604415020046496,0.1934938686274049
4.3254573674214445,-0.8891253749350151
2.444037026633671,-3.6904728932367643
3.8526726474792183,-2.892854390199664
-2.0647438430388707,-4.101287721818386
3.452150597275126,-1.4846223852386904
1.4564335512765434,3.4064925193513673
1.4271140444790704,3.5887243138795095
2.0600561201981296,-2.14889206122069
-3.4394329215891117,-5.814146073967426
-0.5291945533592535,-3.6592761280187687
1.0152716596596758,0.5625256990429899
-1.6667965415804942,-5.322891850587839
1.676765343128019,3.2088936922667455
-1.718285526536992,-3.215966239117571
0.7546478925885631,3.6267282017353173
2.358727688818324,3.9196608601186798
-0.12956776416763294,1.9497021931019045
-1.395256295041342,-2.233832866639478
1.0139063374897295,3.1559563300991584
1.16544587704231,6.88167562577682
-2.8333840370127215,3.591015953483465
1.096423877399798,-2.9011280451749517
-2.550876837583555,-5.138412999319378
3.2161971297603404,-0.17295447540597983
2.787498868900927,5.077181946763699
-2.5479378287751624,-4.349372029799939
-4.487014942640155,3.2294209394308986
2.8822042124392815,7.138061692073924
0.6678216225449977,0.5285482146566147
-3.065372044609844,2.926600603606023
3.529511993391978,6.153954800573086
-1.7088562196772357,-3.6625010800756512
3.299202077473606,4.502068423885046
-0.10252866449089848,-1.4211470681052814
-0.6493065967434379,-3.0480500990858097
0.0340044240590478,3.3210428712091016
1.7407187052304254,5.354966341886158
-4.15084812090127,-5.608174191284905
0.8491446869659596,3.744896608436541
-2.3968720732065174,-4.403963918941782
3.9157908909929797,-1.8011238814656765
-3.054325244026332,-5.5098265500175945
1.5122280135450517,3.7935068603260564
3.054624941479842,5.001206836891227
2.8075791039182256,4.425426024045311
1.4406870303619062,1.887858287643279
-0.2160380632399157,1.6435501870333642
-1.093725253055191,-4.037583578075712
0.3573939784360701,0.6292601845527893
-2.5557941002622147,3.146560945720019
-1.7838637726316526,2.160593232616552
-2.3810626566386017,-3.8624286606709304
-4.528398837634567,-5.259975846624332
3.3576424848673145,4.974446841177753
-0.3636086842729913,1.0361794117755188
4.102583196558534,5.717972320998321
-1.5607938646790003,-5.158782307680056
1.4598779329998277,-1.7314792305327324
-1.1658596833088637,-3.354891121438729
-1.1834887867073756,-3.0953517271949345
-1.4876628083317547,-4.957723709130699
2.1846420810386076,4.191951138687404
4.748993772491355,-4.021540850392724
2.1469086063547254,3.8126104920110793
-1.894232182833777,-4.8895662834821945
3.6238566622035844,-0.0015021197226655512
1.5546427875691995,-1.158022298160253
1.9257355966912317,4.926315878977081
2.9258886923518554,5.443821400576319
-0.13398344388594485,0.011343634303763528
0.20509211234377878,-1.498223982189817
-2.167464098612289,1.3351689682618229
3.867394767563295,-0.482696182998754
1.0019875555037,-2.13214063094203
-0.8756463325713464,-4.705032522442401
1.6925873361784203,-1.2030555805751508
0.22617912348465286,4.112622736925859
0.13830952513886263,0.42355044464181746
0.2242526197326431,0.900465534866524
-2.495401572411949,4.0327463373907255
3.074005358780198,4.434501438693122
2.4499952187381036,7.276235648130639
1.5432584347150924,4.5765566942435845
1.594654986536324,2.451802864292202
2.915825436020331,4.9565642570674315
-0.2079744220360351,1.8388241413731894
-0.31337359864516623,2.5445557364166005
3.104696205798364,5.356162990913528
-1.402071549734588,1.7753666289510235
-3.28752370016747,3.794573317492838
3.0553297530767654,-2.6292583197185677
-1.1044592981823902,-5.410838466608469
-0.9588986182670978,1.1333653967505455
2.6710336902254634,4.359843499045499
1.7077862168149691,-0.5482206519946398
-5.03561884874325,6.031739247632182
0.16889929894655165,1.4365671544024576
2.237027834320104,4.628168367806487
-3.928588749526349,3.507474609862147
7.037390824383655,-4.943303522385831
-2.598504098983924,-3.623540435488039
-2.9229868893029263,0.17525448957786682
0.9500229844345395,2.4316130633033444
-2.141669710481671,3.0080409529339542
-2.1492380130334827,-3.183217782393717
2.617860785986326,5.75854811412792
-0.7896491404820973,0.7454392304040153
-1.3339869215811393,-4.658017172705186
3.007073589247864,5.185461848607992
1.585763253319224,1.1769263303262956
3.895477425992455,-2.884708812045651
-2.8463578875866706,-4.628104189095775
3.8495225821013186,-0.6858956655580157
3.960397421000021,6.209689309278351
3.0577289758004924,-0.9201607830670099
0.6170090438336958,-0.8308146779619048
2.3395134295299718,4.803558316519062
2.0744229359470996,0.21988123680968638
3.0055928002153958,4.629458181517268
-0.040232324593292734,1.9687423115517988
2.713498769775564,4.018333093546992
2.915987177569428,-1.1324938893759615
1.7162697228972394,5.885696492260439
-2.3248651206309194,-4.658672080727048
-0.04623342078290138,-1.2003308880752013
2.5474779885294545,4.324133490463478
-0.3638386527703852,-3.056858006981013
1.7507291852244453,-0.24951560456418836
-2.3939557203357076,-6.205161971480011
2.6954486530543673,5.991448036137391
1.1688943443316542,0.9828037826129723
0.5092661596362689,-0.9372191676424069
-2.4910996481162737,2.1892356127083152
-1.5680191949290154,-3.6781962502052314
-2.220106192470574,4.071310936232663
2.533566692466054,-0.630968752749336
3.4661855211369414,6.41184571888028
0.9982875299277084,-0.9179594178598002
-1.4499579808955856,3.6685236330528097
-1.7001715048609736,4.579715677842313
-2.3747780373301492,-5.4360493371970735
6.4371803446024805,-2.8477634522488224
4.548515842746049,-2.377100341014206
-1.5357848832286602,-4.007019291761808
0.23157988302433885,1.634460021106103
0.0643300521984459,0.5872790177821933
2.4637705346446825,-0.058703920917184196
4.695869842823452,-2.7678965356867358
2.5727632706387165,0.22499613753858003
-2.799251906758182,-4.544709049633746
-1.5629340326747574,-4.985309587172544
3.2919783490437475,6.311876060530755
-1.0847024226211657,1.5116744654749281
1.5487756035859688,5.910658039300214
-0.884254035350716,-4.0372770597695355
-2.789636088884188,-4.23716125233553
-2.4635077954479496,-4.705082806889172
-0.6637091498809409,1.1931107915952959
-1.0388694250089634,-5.0533575237677955
2.4153024054886294,-1.27798448064567
-2.0872640612656497,4.007928401418165
2.6696752118902674,6.144168410996455
-0.13005194380895646,1.7570036852005047
-2.831818500347925,-4.36963846567159
1.326757136878053,-2.842729156318869
-2.8100724153829435,-6.461773062792355
0.9766025855467546,1.047910999429096
-2.700793852521538,4.412719139594134
-1.784258558857279,0.9069256675806446
-0.1009231560802577,-3.7090895651913307
-2.676382138661709,1.5939399087168578
3.488300419490238,6.6677179046546735
1.9401978339702872,2.8933550994239066
5.085680708756207,-1.640916226802723
-1.3831075151258445,-5.438515872746073
-0.8457866190598338,2.011874325868754
3.14247138558298,-1.9162162650412111
1.746784133536008,-0.2915842732090027
5.1658316260858355,-4.5709576789560105
-2.015491349122562,-4.628633828752998
2.3370599530476417,4.884553218456165
-0.6622549502666812,-3.3037782904360036
3.475889837612567,-2.651511635520372
-0.7641622027672454,-3.0446413464416455
2.0640900890135034,-2.210370568826286
-1.334410956600708,-4.467611658085861
-0.7160593623495877,-4.4039072105260395
3.726468571258813,5.925858001295083
2.7738523340962358,5.053966307608871
1.743155089982503,-1.415801184836611
-0.12461646608174659,2.2707757709804177
3.2490733628357384,4.339293218559206
0.5311180362788075,2.3673134955706776
1.9672958264192961,4.0886310529766146
0.004865317312728323,0.5408288117084875
2.603951556054132,-0.09604659752174155
-0.40594258294373886,2.2987802543138662
-0.8557147410724317,0.4533451083102294
2.5735307505311518,4.314758859463666
1.958399270601344,-0.9213702514715753
2.7362289814357075,4.712348635878946
2.580578976323868,1.7101395732871125
-1.1424528692245284,-0.4843617161996107
2.9100584840109467,3.7732423081858086
-2.7502660467164093,-3.389591939255098
2.092534281054994,4.507365708352605
-3.481344373642072,1.4803283205505915
3.2792047183323283,5.606148878267436
-0.7278942868369995,4.897574697189823
-1.6313994985283062,1.058446312024412
3.3750955542777605,6.986993699874554
-1.1170493250545497,-4.494520204199786
5.444311164458988,-7.001573667247586
2.9783648740505657,5.55493096059231
-3.098632404206831,-5.861062714918377
2.0491691616348646,-0.9984452320884727
1.1610390769539765,-0.1614852023584565
-2.40270794591234,-5.417631021728931
-0.09613484305299247,-1.4716304387122898
2.320215792869378,-0.7438950261269848
2.6191614198602515,-2.104910497103169
-3.7988280309119333,-6.047933858800392
2.7934550748531137,-0.1414900188443575
3.246921983393213,5.559804302530424
-5.895230921045285,5.992712326639446
2.9254408382515145,-3.349293452932108
-0.10685127254696258,-4.625626321006403
2.3678812040149966,4.394591864878167
1.3800283117198378,-1.4760108689483247
3.9705267163988975,5.244467679708035
0.29196149428969775,4.048484728412081
0.9967751541415089,5.11874629813547
-1.3707955988822906,-5.077225880238115
-4.119240451873878,-6.193499312081373
1.223135351827611,1.7440897479155635
3.3262483832621084,-2.116950209669349
-2.9222245659068666,-6.0945951277932835
-0.35324894497818526,1.989025443109535
3.893494511178943,6.090434030755211
1.9250366567625523,4.76012310746278
-1.401889529368876,2.5756996328512414
0.6220142972843103,-1.404418243238416
2.948133385608757,-1.2254542461795206
-1.6983081201724644,-5.276939733745296
0.7871652909720437,3.868831128794067
0.8456816371138067,-0.39655672201179054
1.9006566932888072,2.8540363751334206
4.121635533603312,-1.6398278063285134
-0.26937744019356,-4.443967336921937
-1.81621421996203,3.7634504105145026
1.8983993579949368,4.684453413887302
2.8225338751596283,-1.5718345722479168
-1.2840847897474754,-5.58387053669615
-4.300216427943502,-5.686100880181062
3.807683643783961,5.576346200147171
2.8912582071150466,5.284914307751036
-1.2728305605971386,-2.603807381604841
3.1677528309820286,-1.138639498534496
-1.3038733219195708,0.8097194061377232
-0.8646134940353076,0.496112088176606
0.042168719632102336,1.5371738263825672
4.90861081917177,-3.5621509100666775
-0.4837887302315107,-0.17057946099630122
-0.6405576171753928,0.6321608403941221
0.6020687115102903,4.207032678041128
-3.128275649275815,3.0733257221216137
-2.359690627258106,-5.5883280447708925
3.4279036403629664,-1.7422106673675526
4.057617416209405,-3.6796105970606714
-3.518430029318142,-3.9854932068346414
5.961291651719253,-2.422976867189715
1.5198436310908683,1.9024289226267548
-0.7259266028916276,-4.233027509800675
3.182480253596855,-2.9280504310234243
1.7319150360371223,5.973918232063184
1.7587254539378587,-0.10558957974072869
-1.9447287488831506,-3.426643557133911
-2.731644185254996,-4.849038848170124
2.247101243920174,-2.5419636025241843
-3.371481092519533,-4.558577975209156
0.42219216846663155,0.021510587769912687
2.393439254054366,4.389797701900711
4.258456869849724,-4.509554868028512
4.817326674908648,-1.9591919223240999
3.409061058581825,5.919241655629101
-1.947360680459562,-4.739616567147264
2.3817479037075,2.227989134428969
-0.7824743977173405,-4.08728137908476
-2.3896595977928263,-5.840107257107461
-0.7450573763396502,-0.18666899377354332
-3.5562073227103603,-3.817520044416563
-1.1842458748755051,-4.0371192347827956
2.377265479189436,5.650000677214806
-2.2022061881779824,4.4573717062338165
-1.9769004933307133,-5.976391539936843
-1.2663894857804532,-4.43358960649651
-2.346334464794988,-4.021966931140994
-0.03647372792319481,1.9321374491443184
-2.806579649024174,-4.483169181573218
5.2202717827602845,-4.748368772352589
3.728493278526184,-2.8315430340374648
0.8267016738190714,-2.743818170144114
-2.4898988300515246,-4.597745028159777
-2.2326860588711384,-3.935254575187363
1.4962155054713244,3.661191034174733
-0.5975556558465567,2.027911175794557
-2.17074853299324,-4.291297216147091
1.6040423458540245,4.791445960747395
0.06308453750835874,0.781362358904563
-2.793122918223882,-4.468559750470793
-2.0847720218777512,-3.7170267861963424
0.938295473616039,1.2469433217926953
-3.736005455969509,3.03488396543389
-2.0473870066155335,-0.19683239822397772
-1.396841496490158,2.0332729985706943
1.2943898875642146,0.7451700517666906
-4.048909760629043,-4.978571165179137
1.9890363912359652,4.459040017621792
3.3006922088771837,4.970053459195116
4.113199402601529,5.497057579753051
-0.4038396644839284,2.344728067256266
-2.338809999136206,-4.6596123362836535
5.15770582263856,-0.9598045202044969
-1.850504475319344,-3.9480981107296738
1.8518172054517867,-2.4419778459099146
-0.8626251344395683,-0.9370740434492816
3.3133902977437923,4.042554484154511
-1.424033125171185,2.398274212615532
0.47426659636150625,-0.5974429161142708
-2.8063407630066464,2.499651681410483
1.24177823669252,4.051070473632339
3.161132977987978,4.534295787632757
2.777762793462639,-1.2418504570001767
0.9357855272757092,-0.7716105127886963
-4.213279932435281,3.839050112885861
1.2658871018453592,1.21040588134011
2.9480905025515614,-0.7318320450374305
-1.9662752577658311,-4.100224176000089
2.8047434591782503,5.652637066227004
0.7794307448148453,-0.4799540600724313
4.244122326456711,6.717124186678622
-0.38773287838628057,0.09249843236773236
1.358489309983335,-0.49198894124426096
-1.6200785649806275,-4.983832198798871
-0.8964023168279951,1.431891053192127
-0.34621627834559665,-0.304579336155645
-1.3491892165126491,-3.208071863015712
0.9822250209301294,2.2310628363906297
1.8076028937004018,4.788495239624785
-2.378586321307677,-3.5582035410135657
0.21712658524468587,1.742924013160407
-2.376372593449021,-4.387985291176066
-3.4761925522768844,-4.921965952265544
-2.280420117858897,-4.980688091520085
-1.3108428246477644,2.8722747862891103
2.1463996326146093,5.844050221632903
-1.9156470562203332,-4.683154451233355
2.5815842420917177,6.4967399112544735
4.384724220004411,-0.867536112652501
2.157144540207938,4.760692109350402
-2.680908078490668,2.9315655187055656
1.3260118159825425,3.519768938751906
2.368609194030945,5.367215387858491
-2.3408257550790963,-3.8430001027973906
-3.4765606950577825,-5.091913098302433
1.5025109682201694,-4.252556266684403
-0.636773331468308,-3.982196588080102
2.118193314110269,4.992884943383386
3.3406886200461186,-1.5983883078656604
-2.037924086136799,-4.260322429300693
3.970744863966357,5.779965028924099
-1.7891803276957567,-4.703518136917213
1.5925185217821944,0.8006661522310365
2.1643211371756923,-1.3748478239902473
2.265540728288858,-0.9017367661417327
-0.14254669276735776,0.5861827276445873
-2.160374649106884,-6.237296996747618
2.13194378953742,-0.6085813804060265
2.28018192090175,5.154688690181135
5.850945418739715,-6.768865672348263
-1.3494450302485301,1.822165179911364
-1.543851331210502,-4.97571607373472
3.1563023714414324,4.48535460003771
-0.5629953324315993,2.604215009334261
-2.423673934950161,-6.822557464604452
-2.056910719211477,-3.0865746481081713
0.03285165165105419,-2.4758419674501067
-1.496821212911986,-5.989527884301016
2.6037205422407723,-0.25968833836884186
-1.6644469454706692,-4.56153271375437
-3.093482241074856,-5.668147864652101
-3.0445854403973476,-3.4661155254381013
-0.1331924224074641,1.336403689161634
1.778467470494492,0.13737545981542296
3.4067541909943455,-2.368839176751281
2.2186716457922167,4.313872573563097
2.354599302062981,-3.9251776386225465
-2.7538126079430487,-5.4508993638717556
1.8452979827656795,-0.8842045430449211
3.562855322879607,-2.7481231712907186
1.8042008848162823,-0.8740637090898957
-3.7359369132803373,3.373683143969663
1.8808885784295588,6.955951467343533
-2.4435336201509776,-5.261671640683756
2.693021619102338,3.229148687228722
-2.5013176711378176,-5.931051408990918
0.7451312392181851,2.05267249340279
2.895732264270427,-1.291203234774846
1.8509724798620255,-1.1288243493571029
-3.4541503738708204,-6.265289106670533
1.91437688784326,0.09466170762002986
3.644284916749894,5.376170142212357
0.9505837573034952,-1.3154697138955118
2.4514264935770282,5.147795467380433
1.7952131422223756,4.4944606363279345
3.7012364062389786,-0.6080589252005152
2.6191339458683327,-0.5433306512593126
1.980284362805639,0.8770056085325257
1.7220619131042654,3.553717109580335
-0.253680554044343,1.42209295266559
-2.4204680578006506,1.7904205580148527
6.4748251920399715,-4.8544493455304965
-1.6813611106719126,-4.05655428883869
-3.5471501448616265,-6.015030501011369
2.877145437832851,4.217276362556246
-2.6201236138213093,2.299825704635482
4.196527042058139,6.082462134916651
-0.6203820495394787,-3.431029627115141
-1.0684002684706293,1.485709412885932
-0.5867350003133436,-4.116719697897955
5.7651037072359435,-3.349658548149765
2.3560916000876615,-0.007438627257990807
-1.6015775407623278,-4.103492048276187
-1.3073164885906015,-2.9954357139209944
2.666549037028261,5.560954401337984
-0.30673082082857395,3.350943032277648
4.774043249233633,5.753980202070409
3.2859110413121155,-3.305734359103939
1.2357238293804973,1.0442702791479277
-3.6394783369864183,-5.531423045035817
1.6560034628840685,6.029270787553206
-2.4151693944506842,-6.237962325193715
2.870495296996359,4.522113959980709
-3.3891753175313872,-4.250449313640602
1.6213509025254358,-3.382738116608085
1.313799319578026,6.278598417523932
-0.4722352282717508,-3.30496605212202
3.4941427241549468,-1.57387406633527
-1.8672346997907212,-2.9504542224988697
2.743991076819477,5.316346615784317
-0.9747242433203238,-3.208880762225375
-2.643463328319181,3.11112427570388
2.091975587840751,-1.7768379759217972
3.190750691947283,-0.24341305835167865
3.1743934832505523,4.0856393155293445
1.4108600323412648,-1.1800661704648412
-3.0850830532404476,-5.827510820993119
2.5121832792112477,4.41330422997727
-2.187611085720494,-6.2021187378786
-1.4415654951841628,-6.90264665935168
-2.0050883048096515,-4.620467304224554
-2.4467858103642643,-4.744331902525192
-0.3922623838740109,2.500642778237178
1.0199420993137134,-0.036999649235858946
1.450186441848404,3.1388307940905253
-0.002603365821111314,4.093212850915136
3.7156268058659636,-0.4934216442094507
0.49800338814076317,1.440833605207639
3.529543850533587,-0.47432572745397605
-3.182888320902494,-5.274075353965511
1.2406952022291802,5.160036441492738
-1.836626055030949,-4.8075360109892395
3.234741575170557,6.231157138199036
-1.167835002606863,-4.4297825540660885
-4.2078410403989,-5.943847994963891
-1.8166162559276353,-4.562842385002284
-0.18607619492764815,2.177175709526095
2.068317429183604,5.088705247125324
3.530651472146495,6.8212322307715585
1.9682636949771775,-1.149675156320165
-4.232886962132997,-7.485186056746096
-0.04343934799687088,1.8412168918415774
-1.582388458837541,-5.062622344190234
-0.8601918285060011,-2.467723112757113
2.163925277965901,-1.1460112416264219
-1.837616870467941,-3.993172939585582
1.4008724593139432,-0.5668284512671585
-3.6155107096512533,-5.848228191937541
-0.7687255430659428,-0.2714479441468366
3.9052238951163423,5.96265004368032
-1.4862706556521583,-5.130114390810471
2.1095231339620457,-0.9992830728729328
-1.0428212118696358,-4.49837057539156
-0.10180572691393497,-0.005438025384209676
-1.0967760195378586,2.194385085343084
-3.2694052339520248,-5.572479409785162
-2.5774401200479238,-4.406979956497994
2.7742829897865446,6.8429267168319345
-4.812731368384858,2.864215122460641
4.436432561068225,-2.991203471309833
1.0497975471070804,-1.272159483263937
2.171214642750892,1.755226721868756
4.1060347401684325,5.280979806248504
1.5159435643078487,-0.9931083047982352
-2.284051768629502,-5.318123112791442
1.8361924162357637,1.0739511694661734
3.803245894737037,-1.639641596299711
3.317663850136199,-1.8020910141587534
1.5681604438400973,-1.457994369051273
3.3323979717622523,6.00725561978262
-1.0026459158638086,-3.4784508328935275
-1.7733442468595304,-2.993973344155795
1.596200641045515,-0.12094852323109154
-0.45714437144367337,1.895290748923289
0.7321050790181876,-0.6741545657584334
4.051306481677757,6.465778384566196
7.448582081155502,-3.942652305713534
1.2494075004271261,1.1979544806948466
2.301398781364857,5.461099542314987
4.168400601041377,-2.5585232017946815
2.2579365015288158,4.3825491734845805
-1.5601710913102713,1.144956917588581
-3.9818872835115604,6.207871410243773
-2.0817485212129867,-5.586960154921519
2.08602051027101,3.796147536177698
1.563727072662215,-1.4930247977124291
3.9090576996286743,-2.7611172188822546
2.8083623697043403,5.387980498042863
2.7994626493263595,4.83116771003421
1.6289595709513351,1.8930328416255262
0.8938195365627924,1.2643969677777875
-1.4094239512278197,-5.173061075241591
0.6596325252383162,-2.103235266552982
0.7513929048559314,0.3322897107230021
-2.6633078051892203,-4.875229964790845
5.075243871838672,-1.8428356879187429
1.481814951439144,1.4867426459708966
-1.2735823088893938,-5.569309166862388
-2.591800758582999,-4.39117345799371
-1.0798750259257868,-3.7464614262077642
4.279226588656597,5.308112144210559
0.546467780415449,5.148910300424547
1.4750703465419273,4.9464425364012214
0.969451140382134,-0.11763573883117812
1.5856714516589916,4.052372331666871
0.8030742604040877,3.6017719970810504
1.7272412769992393,4.5683855489418015
2.0951964976805364,3.9989662619175737
1.756973770563655,4.426361004849894
0.5719737114897117,2.0682189913334175
0.6266900673648559,-0.9318582222638194
3.9744676199937397,5.429504315561721
-1.24841302653472,1.9596584083523267
3.0911145596305287,6.093433341290853
-2.6336160809257296,-6.517307148559677
1.741820713795128,4.863848423655498
-2.096412774724843,4.054566567550644
4.186043776544853,-3.8949034810339405
3.1029510725470937,5.46262697918967
-0.5593328686826253,1.3838376771287493
-2.509278808434269,-4.0904471570235525
-0.835404337653014,-3.4989622945625865
1.736849026227783,0.3113059487154444
-0.46566735029261674,-2.891097350473379
-0.6032933605905526,1.0478236128172493
0.15908446867662007,0.7721194095703839
-3.081352022188713,-6.8531804642690215
-1.4511383009391228,2.6219965349445093
4.92312641015922,-2.672673056575723
-0.7539645138079747,-0.9374142975547257
1.4378961944709125,5.506920078230971
-2.345691682485475,2.964037614967879
-1.262896580874158,-3.1776834995022636
2.7635691629938677,-1.5916330737575914
2.7642854969099977,4.431716556706929
3.1319755878369304,5.3816717823464675
3.452078760878396,5.815106583876316
-1.2051506671479668,3.95501954893996
3.9628756615694205,5.849641368886715
0.551634871321012,0.14916262934291233
2.816987676058089,-1.9927255154827708
-2.5034909811063364,-5.765829610741888
-1.735671400587142,1.768520898449981
-2.8063959468577178,4.494089544507833
1.1552380722271032,5.350487590028847
0.4549681359974088,-0.5582071733076823
1.7131076661179208,4.155976744669168
-2.2777365098574514,0.6700959161554759
2.8470675641003846,4.861190485067146
4.545464083787973,7.1444773055747355
1.3062641335471181,-0.22030465527276916
0.7322404138037777,-0.6967103984973723
-1.1773026930252546,4.2019248635375295
-0.6544291799840043,0.5378040677563296
0.7427642141939121,-3.0017841429879026
3.809544522871936,4.72990606226107
1.3222987227985072,0.41390313406541424
2.978343794604476,6.238175622738164
3.6216862045377303,4.915364977280088
2.306969062440085,5.575290059847298
4.294844464650509,-3.002753902099311
3.166150130564749,6.46801098464597
0.5425001398075495,-2.7054016824068645
-2.4026424450590707,-4.8949297002247985
0.17641709235888614,-3.864324993867322
-0.2660363984334757,-3.1884831536491003
1.0108453405710909,3.3830597408102707
3.3682026356408574,4.210568747899481
0.5797775950090647,2.0014084958699954
-0.8780876198907748,-2.3721396759306455
-0.29713369423244207,-4.0589249202771995
-0.757376125167565,-5.824014963939932
1.2897825834131902,2.710597837092619
4.231540314179752,6.724645821173171
-1.7464253313140374,-4.388835446927634
0.3573160916314849,-1.1977601347593916
3.5381689758903656,4.662074372084787
2.1471039838119257,3.9009908283408157
-1.792792952014362,-5.327601571320674
-0.07921217849007256,1.8938907334914208
-2.5666486917817464,-4.817368953883873
-2.0682480668704812,1.601498386895086
1.0219698458199284,-0.1686730055940265
-2.8910301760296067,3.418398039253815
-1.0733532851060246,-0.1251781717350523
4.016363850442303,5.935499720298325
0.6916407931218073,0.32484913276354
-2.2126606523426684,-4.162513213402511
1.4348979271566007,1.362391923816606
2.6529865116012266,-0.9659504268474983
3.5441466752242974,5.276995505592497
2.6547409639776807,6.493575713692091
-2.028030684115353,-4.382451698830028
1.7784387018482415,3.783328049834295
0.22732424961874786,-1.4756607919735276
2.6943063107773924,-0.791421931236213
2.987521076145838,-0.4961992880980074
-2.3225711085985625,0.7295714840385592
-3.381619547423453,-5.484075888386936
2.4212045719922846,4.99195383382961
-1.4932881947177385,-0.37767401415992535
1.2702202719798525,4.799277386091622
0.856024476563709,-0.9252026279083146
1.1716656735626336,3.7892697924483736
-0.1687263931316041,-0.8803338990355707
-1.7727737479083605,-3.5482079988595947
3.35480478424791,4.979489228484657
1.2791124785524666,1.577071685622509
3.9827304667863266,5.88388844520153
2.1584600994271814,0.8727035637437881
1.4439863349147004,-0.5937926390211665
2.5303364015565952,5.787723591792191
1.4044777504788881,1.5564941371611616
-0.7854418024280476,-2.5734705961614726
1.905114383581638,4.312804437464667
2.8704235234560294,-4.1532554077942825
2.878352741681544,5.537966983050476
-2.4617284882733808,1.7616494786237584
2.8360779366502658,6.768498119270535
3.124495657714701,4.962659261622142
-2.430203184723317,2.4292224644078466
1.6197396748308015,-1.7581104004434591
4.015623528513553,-1.7981312876532634
-3.975853809173346,-5.319273469772023
0.7996096247923078,2.233272000114738
2.273665234622324,4.615529703125926
-2.3538215131651192,-3.9449198151501825
-1.6823970316481192,0.5140669945385915
-2.328983764279243,-3.5575728455821616
1.3023158539201203,1.929763589870901
0.45667073775370914,-3.3806304379535494
-3.6381967119145795,-4.14268854280876
1.7422013436767216,3.977124975324152
5.251320728687084,-3.3392120304068293
0.29321894241378355,1.2428054810708549
-4.153614712128272,4.291079049350653
1.6578732858071101,5.031461989588522
1.487482763913832,4.858343740868945
1.711127720317997,-2.9071084708488093
-0.4851772279630433,-4.233184729930583
2.5777553481243305,-1.692348886371231
1.484927568633121,-0.09728711874147733
0.4981320564702987,0.6846621864034548
-0.05707572045896292,0.05901184394039268
2.6587370432366417,3.1519229379616527
-0.029818096112431247,-0.7209904178727378
-2.5682482816444647,-4.679260378786854
-1.794228435021108,-2.2388789603772414
-2.3577900298118992,-3.378737800283452
-3.236413894773028,-5.356715064895748
3.8358347715563132,5.7513338351811
4.022331460266449,-1.4084479563591017
3.4514497630627767,6.6254820780961845
1.4265799455116537,-2.373291984789171
4.7698797814227065,-4.495172475219051
-2.817496473496279,-4.337765945669724
-0.5521884753597521,-2.918373091000505
4.115035411249853,-4.46113865629751
-2.602044885639095,1.7694403066948898
0.6109547685356707,2.5325745647141713
0.7604439654189779,-0.5629814394875334
1.7849363698610343,0.723741843515781
3.361271397814118,-0.29077430957562417
3.3644853370707235,6.266392866639977
2.476784427026174,4.761083594407402
-1.8127443550176086,-4.383563419355881
1.746957145613954,5.103094207326225
0.7093887909615899,1.8838983505826465
-0.8335296794644109,-3.180002492621836
4.436435697270651,7.6265429611885605
-1.7284807441716017,-4.825306656541227
-1.9999386067025675,-5.626972491605034
-2.4402198268152198,-4.6278942896209605
-1.174717535283789,-0.36264174261650056
0.6393818064557082,1.7910706789340902
-1.9366166961302171,-4.992084820829724
4.466073973710049,-4.140559993617055
-2.0055660686719285,-4.3703042716570595
0.9886367566687793,2.4752151058103453
3.1794691789807885,5.846200898693214
5.10717740876861,-2.477351226666486
-0.1968294590753068,3.622801759393332
-2.948952444344461,3.1037205380223325
1.7799311508861626,4.244592484059435
-4.219540868924296,-4.713738412399552
-1.2988125356401192,-3.8009750059316447
6.818281756803286,-3.747059365781207
-1.3815434508618751,2.6389201239993167
2.234365464261807,-0.48018863415661045
2.7366968270594887,5.927318206829418
-3.121608426114155,-5.003380601709464
-2.3347561549161977,-3.8235603130400815
-1.6259839746531453,-5.5026327946392914
2.722559706602861,4.506126365026627
-1.1121774239656594,4.723213503130913
-3.7652247863038593,-5.923934247621659
2.246609146758267,-1.3050329622113994
-0.1829247549117412,1.4365524029043162
-3.0610596405126156,-5.573315723689821
1.5247027961789352,3.118441787640404
-1.8632145477486404,0.2572929118841586
1.2796680036815835,2.979130952437511
0.7946272163872988,0.05598724556688138
4.448544543161693,6.184934483160348
-0.6511312436242687,1.5604588842326406
0.9531002913269235,-0.19772329577197253
-4.749757147241472,4.3210117439163165
2.135623842039048,-0.39408703376664367
-2.0652217012459735,-5.490435854438105
-2.4501485421048743,-5.014211368176087
5.353855110785495,-3.460757126885544
2.225023923892388,3.9624133706554723
-2.0985782484082636,-6.077891006155863
-0.7812093338472286,-4.272068311732152
-2.096711988125489,-4.365794033812824
-0.3936621199406365,2.1809597440162536
0.24637676128701003,-3.9178890946154183
2.365361721355071,5.434438703661992
0.25808357520539205,-0.2798030679173276
-2.014043282854258,-4.501077967198416
0.828282714350496,1.6667375035117316
-0.4278739409579597,-3.454754157694517
1.9189964064158178,-1.1202215585021333
4.056471626073435,-1.8071838663331448
2.6669458854754864,4.221168135686034
-0.8472425861627244,-4.018671572546236
2.2370092164078748,4.555773826922998
1.2415628812810737,-1.030871220702304
-1.7156565153924528,2.2143185944711736
3.559369954248157,6.268311293746805
1.2143393841959933,-0.08673435472955363
2.245021259956703,4.867893065087899
1.4229415866571098,-2.446686977228175
-0.05223289443230117,2.1014730613136803
3.2998610599221436,-1.2513489903733066
-3.3398407735504723,-5.767936477769011
3.057850311179853,4.6880229928210175
1.1886014776301252,3.9520668847242564
0.6628617123039096,0.47658288635155044
-2.8704999180483233,-6.28099271827372
1.3758049116034876,4.15987948039779
-3.27805613917177,-4.631784288483686
-0.08411723403089288,1.2609239488365191
3.040326802737588,1.2920143735319385
-1.6990732860558269,-5.759089335527127
2.312238389768919,-2.3383604687883444
3.5300234082366626,5.660574555493475
3.9186621632181295,4.989509203171627
2.377329821035959,-0.9819630581970592
3.4232378106899217,-3.1947855789574877
-2.1855287053530326,-5.653070840886351
-0.3707239200019832,1.0420079318977418
3.1402384484196038,-2.5610760519295512
-2.624004143022876,0.011175094993566908
0.2842849234785243,4.9375000289439726
1.0355540214370753,-0.7266333049407637
0.41500097709739003,2.38552154312809
4.9508573931545605,-1.528864258835918
2.059804160856229,4.436799147890613
1.2755836915912613,-0.15614029211538616
3.0769825094185803,-1.8956381472055521
2.819773711782087,5.18086257332639
2.241901271642508,4.28347677717893
-1.2593586246528745,0.3597017487961969
-3.6997905934491326,4.947667473365802
-0.6199567575689924,-4.204230557415234
4.093150514608873,-4.909063822728805
1.1118262686928782,0.27139270076617045
0.4427793438470593,-0.4774201658216478
-2.795724439156613,3.545490440592908
1.7087512331950667,-0.5542247288747596
1.382412993255403,-0.8330493047278669
-2.299327557633375,-4.967386487427524
-1.4466829844904046,-3.733342523721456
2.5326368913693322,6.75084174243562
-1.0239129387358696,2.2550433599607773
-0.15335218633227377,0.924802265325164
-2.8893104565330363,4.211611616157637
2.707628145308664,-1.2716419450582892
4.785224733628649,-1.5049209966125194
-0.8209515445173456,2.8236873428200226
3.844700571369128,5.034243163894313
-3.595561120713544,-4.291878493092836
-1.1361972340322082,-2.504468886801395
-0.9709235498193096,3.739009669741289
-3.6735575602938346,-5.229295523098465
6.093366691737012,-2.98018285019487
3.5469216808850916,6.066286930977231
3.7294301970001613,5.153680964720422
4.933702539658569,4.427191616019621
2.2262419238942415,6.6266913374577765
-0.6623112160348001,-5.01586641904784
-1.6840025677349315,-3.2603870229901792
-1.9490102834568492,-3.9247442993977595
0.8805770923224842,0.6898830313146491
2.039228706149444,-2.3943100928519523
4.105638421898718,6.404225625207411
1.5570990708888686,5.537685101409368
2.983038751351195,6.067767229081835
1.835272742324754,0.38021315213824913
-2.0165009583231166,-4.668046124467026
2.2473556828725796,6.277883376941802
-2.3002155987482356,4.0081427126794535
-2.5670452289601826,3.824480358910204
3.415898365020628,-1.3132820904054914
2.8087599909688326,-3.4889167846873113
5.394386140720578,6.7869955287661785
0.8976259375057192,1.1014597131588866
2.788900320514185,6.552420591521834
1.999989337589632,3.7928289467006184
3.4137266429242126,-0.7448096013288524
-0.893392390763406,0.4367616168020487
2.662668998575583,-2.9173211629018514
-0.10907598585472655,-3.602200927943769
2.654393031404226,-3.3719753343463537
2.90382357743122,6.160480675312646
4.1096006662496,-3.538529350569124
1.8742674919894942,4.067830708449149
5.7614512036406245,-2.705007422230187
2.7160902611565225,-2.0043154830549343
0.6369737624429683,2.0995673848252925
-2.7805692029609723,-4.543131000109583
-1.7242787720705945,-4.656502811367418
4.756859952790071,-2.6998479319805972
-3.7753592548999926,6.625391908285762
5.3660353539479395,-0.3030510729903684
1.8908783810511043,-1.505499003175121
1.2787848652189904,-0.33609174262226543
-3.844662103857744,-5.527563936231191
-0.5898225989846819,-3.0535337056106786
1.3854529979633248,-0.4033716595319173
0.6982636222300926,0.8605738545503192
-2.961358586556204,5.037812526273483
3.3952108448286156,5.947234262491629
1.4482094565279118,-0.7883762421640027
2.4409761812991375,5.114560075752459
0.32272173643176183,-2.17468339935247
-2.903601606308183,-5.110221146815885
-1.1043407482877505,3.0526473957224116
3.312799944641013,-0.2793764506382317
-2.8035908768978866,-5.549157647961042
-1.6196509721135717,-3.020167634133535
1.7804961871857357,0.04188432037429402
2.029878519200719,0.03669727458086682
2.6620945861578744,4.710790878537712
-1.9131318134693087,-4.842439713943872
3.039813677263447,5.365656735137782
-3.0537541434754893,-3.774011108770144
0.33273350688408965,2.1156523509035017
4.1429238766358925,5.258849314232941
1.7227321892358414,4.697417022694207
-4.286311740855638,-5.41790668534098
2.4689799160058707,-1.060089228076615
-3.0708311602500373,3.983446740422755
-1.8366112581188494,-4.331119737919024
1.7646229521268417,5.066943188834783
1.7519245244849304,-1.6101294730975895
1.5410944086450917,3.720693875591147
-2.4672219050233104,-5.338677315622625
1.2181212443623086,-0.44216394798586167
3.05829185507094,6.152115511031586
0.02819323933324469,4.182871227005727
2.9826224340771965,5.469845906691686
3.2721675154235648,5.545850143697969
-2.7180052619460744,-4.884934964703462
2.7469096799391295,-2.451389001250649
2.346517846185325,2.6677638074643526
-1.7971830946276512,-3.0059111550213604
2.80878127734157,0.3354715985395613
-1.1825216405234436,2.3573977578450265
3.380790340866085,-1.7068744977525048
3.134304042887103,5.836429316226755
2.3374738524649556,4.765421753707139
5.920876776858866,-2.5025898128955495
5.0163686787613395,-1.794801485145936
-1.8462743666923664,1.8984031206685597
3.9814292364548582,-3.198967764240377
1.7580089208690692,4.829622535679417
2.9456263729032353,5.552281766832551
1.3718442825291572,0.8634462543229262
-2.085325979954104,-5.153479785291782
3.339461952354254,7.479598174922037
2.4242326085554633,6.1817788266028995
1.4184907474144615,4.363645194451465
-0.9969955013784442,0.3956487074841633
1.008706232841703,0.695748864953456
-2.0824493398600334,-3.9981964428822576
1.799060437280315,5.408917626717144
4.657919469889009,-1.817378293238297
0.6117582899510046,0.19906464822243872
1.4054925049630254,2.116105998203011
2.9605008782707225,5.217463827630249
-2.413157762119562,-3.8123241564313544
-0.0980664728717342,2.654462878242703
4.371070756502466,5.035931458928547
-1.152920755701718,-1.0433603990456886
4.04334948366942,6.622627817944419
1.612053113213412,1.3590497287973462
0.6134431923007966,0.1287053518502183
3.614888057771144,-2.1328016151459677
2.830522046564275,5.661426830944616
0.21677651343124227,-1.0361684942898068
1.8781306410555083,4.492142422659401
-2.847087633228254,-6.741505750276681
3.6838513817176755,-2.2213662220804244
1.6681833265104342,5.145518210801839
-3.338160255663844,-3.9996325042753056
2.9694347747653986,4.6977525858954
-0.9627678247311797,-4.277877933594991
-0.17572632963238344,2.223405834785308
2.553706874971678,4.686967712503459
-2.5931610268061736,-3.216305185367146
3.2002189218880464,-2.413445004371126
-0.9570546149529013,-4.168521756483422
2.0390596558786083,3.019647292031099
-1.4912296268034106,-4.533755257962571
3.10936415738316,6.432190740239245
-2.274457846883161,-5.045105739258319
-3.297266785977619,-6.162299067864099
7.855932943292313,-3.1483677119886795
-2.613182088189628,-5.1427918768861804
-2.6117172349435553,-3.9917641728494786
-0.13449724664026763,-0.13311108243188066
-2.900370694382543,1.735766660135411
2.24935547609763,-0.8304316254656012
2.016193715581679,6.117630476506934
3.076619655376515,5.932189517699955
1.513447460741837,4.7168001143708524
2.411009964005644,-1.9365060941934586
-2.6419518411323932,-4.982011715755704
1.170015287001776,2.4018564833980576
0.6786008317569268,-0.2249283959402916
0.37743933336482116,0.3646789685504059
2.1099844170739877,1.0410313539328726
-0.6409410115877869,-4.071773622269639
-2.5148409382662567,-4.921197627362977
4.032330976326067,0.3537459037945549
3.179725515390508,-2.168769486348754
-2.4272415439950485,-3.433550418324491
2.8053140169896738,-0.6916512989274842
2.1206417258915686,4.649735927244961
2.1910870037901624,-1.6209697098277243
3.530464288831686,6.44398709396772
3.6040216513754615,6.601737669152185
0.15196186277992685,0.20324282821011644
2.526095026297892,6.168010252186096
1.4364361093340205,4.702798783172452
-2.8616454984105513,3.4356089172778868
-0.9212746636787976,3.2154178144966767
3.5614770220457643,5.806369891250591
-2.7535571559435734,-4.506543150175334
2.136628234908262,4.562802533092346
-0.019780946532914623,-2.395897285648894
-1.7252981225851283,-4.145272999604656
-0.8984962323101924,-4.204389598441056
-0.6901386536148717,1.00125676724406
1.159505092676753,5.695503783494299
2.865419043297995,-1.5008903385857728
3.960159730671901,4.05292093065743
0.622549839079988,5.982367687293763
1.7885065353417735,4.28752000423842
0.27393419640539574,-1.0897962859373618
1.0152249536974427,0.05861134540079706
1.1240305150913241,1.399464303789065
-1.7715682798038432,-4.518036358933631
3.5180473854292336,5.937650282224455
2.5585997074707967,-0.15118799160050447
1.7211410433760763,3.517005315016524
0.6926151068965565,0.8175323303808727
1.5140940965350167,1.4977578174482307
0.5487531106580734,-1.3254913451778532
2.7853038990667702,-3.795033398454846
3.2084440484762875,-1.3144369625824246
-2.36857378031319,4.0959923780454695
2.111922370339544,-1.6610626110990756
-2.620136241628573,3.5817886659421316
-0.26328057605592137,0.4428143404620292
-1.6309765217404257,-2.9844793086850583
-2.237690419298028,-5.117962150736002
1.473702465696931,2.5583519509090147
0.28915360233515175,-3.7038040606671725
5.113008343799131,-3.919412985712282
0.746071899869934,0.9172904771782697
0.9482299003703273,0.8729280739536249
-1.1014514165320182,-5.201006607568007
1.9435036284232865,1.6055259937844717
3.3385821861558598,-2.513547159634521
0.8761698054753861,-0.4570995701332213
-1.2707922173275028,-5.114774236371343
1.8046493762169142,4.942126301206322
1.9169877831729107,4.9921278184669795
2.964891163703102,4.5170217963329184
1.7689490990877772,5.303503333139666
-0.08656423002149705,1.5171404276644616
3.032778958961539,5.188907254596077
3.0577316611179337,5.052761821100087
-3.0827716435299437,-7.165842636251484
-2.819358409825667,2.467504851125815
-1.894971942858398,-3.412433011724345
-1.5529994990526896,4.715792747153106
-2.7006327413568574,-6.318574855853663
0.30145795612233095,2.9477293451597957
0.29472283121028153,1.3817107553396044
2.121903405770215,5.6778779059774935
4.291429348817484,-0.31398771782435553
5.036653117380997,-1.689832731288992
0.5310465684611785,-0.5696452567931795
-2.7522581462410862,-4.292639633161687
1.874745470547248,1.351015740140803
3.7402369151815313,7.372329328035627
2.112144271571453,5.971115320136305
1.492312625109589,4.56283506703688
2.1623400643266426,5.155932039155636
-2.576062263614175,-5.054368580530407
2.755980572324882,5.9116275312313435
-3.109581299510353,-4.35490177667146
-0.6407532183150513,-0.4227583565411964
1.9652769548787072,5.7635612560895835
2.3239777014897123,-0.05680153259917981
-0.42775638383061976,1.335072118319752
0.4310523036360431,-0.5260717924991051
0.8060594196325281,2.124909377835393
2.3975241615765035,4.728838027426314
3.5534041290398184,-1.3035852442183953
-0.772853488973045,2.455416236453149
1.8636129987116896,-0.223615503086042
6.618198360449029,-6.567786916709935
5.571854104749983,-5.792294779440919
0.44336021618540633,0.7352827822235403
-2.8414690840398693,-4.991224938670284
0.39855483401371994,0.270432617648766
4.43019662779752,-1.8332199279242591
3.6975976681613325,-2.859082351705033
1.5141668035952245,-0.6977241817725807
3.741173029048762,-0.8028737598521001
3.0275903085275275,-1.9761830574631933
-2.5198228067786803,3.500714194831391
-3.0971303584129566,-5.571381357549222
-1.682918472861611,-4.257477253363165
-4.608732194119339,-6.437556293927588
-0.6945253622446013,1.8332704922788159
6.752361458944764,-4.767600756523166
3.0457345127716726,-1.576739177507007
3.2570340643296634,-2.883958740409809
1.3856445067143195,5.377275812205855
1.7018348624353548,-1.8852224757741
1.6733125207307702,3.582118671677967
-5.032937200879735,4.289641702854736
1.7295574903551851,-1.8587129718907116
5.5610293743201265,-5.129533732949479
1.8521119067561156,-1.0257491772967589
-0.6655803291429769,3.152027393894918
2.5906286039038124,5.07312133599016
-3.64229935491006,3.90970928682288
0.2649367428876186,4.903579192769653
-3.1222558831376217,-4.553546212089844
3.275085854774464,1.1046350159784029
-1.3174125948356745,3.0692824508361123
3.1391969782068894,4.694444683319688
0.6448378092430656,0.9954982215337342
-0.06885475043111167,0.6247489738184305
2.4956171197730033,-1.129493637994382
-1.2237683438985554,-4.151153825071873
2.9105929624649987,-2.6069767797635572
0.6077467138906774,4.173146777648107
-0.2431220686294593,1.165811804281739
-4.360409742674746,-4.647915806513101
-2.6055806994534874,-4.962198650276498
2.086377314855908,5.412182684261037
-1.6510651512977192,-3.4648011462522748
-1.828502973371135,-3.4763015440776863
-1.2746419017506416,-3.9396071570244353
-1.5908053653058207,-5.237694856848231
-0.4072341308660272,1.981128308181078
2.714758664131044,5.830518771730694
3.110387846798384,-0.9727027210065702
1.9664916999599846,0.0078746314279648
1.4726041662039697,-0.6838400579218641
-0.9335624534740312,-3.785606690737227
0.6882644455810674,3.192708076343949
6.090669284844787,-3.8684592033426055
2.943225026301114,5.2598692642178415
4.6563253197523995,-4.616099370692766
3.911959769767185,-2.986275675957479
2.177899498717933,-2.363799294529859
-0.42939771389935744,-3.578356138135851
-2.5858173491087664,-4.329956110292999
7.99006828709665,-5.663429641362495
-1.1401394565912835,1.6495639121397976
-3.0770500845271593,4.922329528930546
-1.1464018310970352,-3.277964033534782
-4.636941174718711,1.7935201599241661
1.9397647416261796,5.464548520402455
0.6054358180671406,1.2684423050470448
-1.9371331412777093,-4.092873008276943
1.378220381944488,4.326349791089621
1.1698186306022134,5.145960344375187
-1.301444850476444,2.1138018842040998
0.5653687205242242,-0.2541137573726913
-1.9524096256042172,-3.5813995004005594
-0.8073416189068305,3.6554298873256053
